corpus,charset,arm,w,topK,columns,oversample,footprint,stride,cells,glyphs,mae,rmse,ssim,gmsd,haarpsi,selectionWallSeconds,gitSHA,shapeQueryPolarity,glyphsUsed,blankShare,runMean,runP95,runMax,run5Share,changedVsP
nasa-structure-v1__phoenix-night-grid,minimal,P,,,288,2,24,1,37440,10,0.2512501347765227,0.2732918245941206,0.010845093134518806,0.23214521347395609,0.07046141573362513,0.033671703000007144,bd6779a378774e2d3eaec7758fbf34fbc4a40d76,inverted,1,1,nan,nan,0,nan,0
nasa-structure-v1__phoenix-night-grid,minimal,F,,,288,2,24,1,37440,10,0.2636616240357031,0.32469207516795046,0.008554293512398677,0.2543469399022052,0.09232154286577235,0.0009337130000000973,bd6779a378774e2d3eaec7758fbf34fbc4a40d76,inverted,9,0,1.9975457504134877,5,73,0.27532051282051284,1
nasa-structure-v1__phoenix-night-grid,minimal,A1,,,288,2,24,1,37440,10,0.2636616240357031,0.32469207516795046,0.008554293512398677,0.2543469399022052,0.09232154286577235,0.054403613999989005,bd6779a378774e2d3eaec7758fbf34fbc4a40d76,inverted,9,0,1.9975457504134877,5,73,0.27532051282051284,1
nasa-structure-v1__phoenix-night-grid,minimal,A2,1,,288,2,24,1,37440,10,0.26317990869218066,0.32201989547940946,0.010205049090640673,0.2536417242736082,0.09440392812828073,0.053559158999949445,bd6779a378774e2d3eaec7758fbf34fbc4a40d76,inverted,10,0.021100427350427352,1.7697619392534647,4,40,0.19178717598908596,0.9788995726495726
nasa-structure-v1__phoenix-night-grid,minimal,A2,0.5,,288,2,24,1,37440,10,0.26353736694934277,0.3239624199154411,0.00944900488838005,0.25404400513956643,0.09329834989335957,0.0385026579999733,bd6779a378774e2d3eaec7758fbf34fbc4a40d76,inverted,10,0.005555555555555556,1.9174949786269764,5,65,0.2491405242801891,0.9944444444444445
nasa-structure-v1__phoenix-night-grid,dots,P,,,288,2,24,1,37440,8,0.2512501347765227,0.2732918245941206,0.010845093134518806,0.23214521347395609,0.07046141573362513,0.026761402000003896,bd6779a378774e2d3eaec7758fbf34fbc4a40d76,inverted,1,1,nan,nan,0,nan,0
nasa-structure-v1__phoenix-night-grid,dots,F,,,288,2,24,1,37440,8,0.2745946032498067,0.3457401286893145,0.00698762730353558,0.26482483762145914,0.0942783659128937,0.0008984560000000948,bd6779a378774e2d3eaec7758fbf34fbc4a40d76,inverted,7,0,3.1272970263949214,9,46,0.5084935897435897,1
nasa-structure-v1__phoenix-night-grid,dots,A1,,,288,2,24,1,37440,8,0.2745946032498067,0.3457401286893145,0.00698762730353558,0.26482483762145914,0.0942783659128937,0.0718022039999917,bd6779a378774e2d3eaec7758fbf34fbc4a40d76,inverted,7,0,3.1272970263949214,9,46,0.5084935897435897,1
nasa-structure-v1__phoenix-night-grid,dots,A2,1,,288,2,24,1,37440,8,0.27631658417747273,0.3482865622634994,0.007433670122344532,0.26504619318498474,0.0943204433390869,0.022300418999997615,bd6779a378774e2d3eaec7758fbf34fbc4a40d76,inverted,7,0,2.335038044156168,7,60,0.35694444444444445,1
nasa-structure-v1__phoenix-night-grid,dots,A2,0.5,,288,2,24,1,37440,8,0.27528503424115347,0.3468372380303299,0.007084894343815327,0.26501070371018626,0.09442200873680406,0.028956711999994045,bd6779a378774e2d3eaec7758fbf34fbc4a40d76,inverted,7,0,2.716586852416195,8,44,0.4408119658119658,1
nasa-structure-v1__phoenix-night-grid,diagonal,P,,,288,2,24,1,37440,4,0.2512501347765227,0.2732918245941206,0.010845093134518806,0.23214521347395609,0.07046141573362513,0.018955492000001246,bd6779a378774e2d3eaec7758fbf34fbc4a40d76,inverted,1,1,nan,nan,0,nan,0
nasa-structure-v1__phoenix-night-grid,diagonal,F,,,288,2,24,1,37440,4,0.26169965749448004,0.3040083982873575,0.014263467242509383,0.25659117266928605,0.10443122075617792,0.0009042780000001003,bd6779a378774e2d3eaec7758fbf34fbc4a40d76,inverted,4,0.250133547008547,3.188529244747303,10,44,0.5182546749777382,0.7498664529914529
nasa-structure-v1__phoenix-night-grid,diagonal,A1,,,288,2,24,1,37440,4,0.26169965749448004,0.3040083982873575,0.014263467242509383,0.25659117266928605,0.10443122075617792,0.044726959000003355,bd6779a378774e2d3eaec7758fbf34fbc4a40d76,inverted,4,0.250133547008547,3.188529244747303,10,44,0.5182546749777382,0.7498664529914529
nasa-structure-v1__phoenix-night-grid,diagonal,A2,1,,288,2,24,1,37440,4,0.262877714560342,0.30989335538782253,0.012059218093862043,0.25745736280959863,0.09754169008743464,0.033909927999988126,bd6779a378774e2d3eaec7758fbf34fbc4a40d76,inverted,4,0.2657852564102564,1.9533148582391815,5,21,0.23645821965149696,0.7342147435897436
nasa-structure-v1__phoenix-night-grid,diagonal,A2,0.5,,288,2,24,1,37440,4,0.26234949634539717,0.30713874461252016,0.013598459133093113,0.25693357607240613,0.10144869218688678,0.012896963999993833,bd6779a378774e2d3eaec7758fbf34fbc4a40d76,inverted,4,0.2545673076923077,2.3878336755646816,7,23,0.3541151599842345,0.7454326923076923
nasa-structure-v1__phoenix-night-grid,cross,P,,,288,2,24,1,37440,5,0.2512501347765227,0.2732918245941206,0.010845093134518806,0.23214521347395609,0.07046141573362513,0.016035084000000817,bd6779a378774e2d3eaec7758fbf34fbc4a40d76,inverted,1,1,nan,nan,0,nan,0
nasa-structure-v1__phoenix-night-grid,cross,F,,,288,2,24,1,37440,5,0.2576742296801899,0.29419769440895194,0.013932096943026544,0.24569574145782466,0.09807488203823099,0.0009225280000000963,bd6779a378774e2d3eaec7758fbf34fbc4a40d76,inverted,5,0.3002136752136752,3.2413707781764196,11,59,0.5629770992366412,0.6997863247863247
nasa-structure-v1__phoenix-night-grid,cross,A1,,,288,2,24,1,37440,5,0.2576742296801899,0.29419769440895194,0.013932096943026544,0.24569574145782466,0.09807488203823099,0.019465804000003292,bd6779a378774e2d3eaec7758fbf34fbc4a40d76,inverted,5,0.3002136752136752,3.2413707781764196,11,59,0.5629770992366412,0.6997863247863247
nasa-structure-v1__phoenix-night-grid,cross,A2,1,,288,2,24,1,37440,5,0.2590508882747106,0.30053562404811784,0.011768405769071379,0.24668132657429293,0.0905078705419369,0.01666436099999622,bd6779a378774e2d3eaec7758fbf34fbc4a40d76,inverted,5,0.3276976495726496,1.8504006469161214,5,24,0.2204521075841246,0.6723023504273504
nasa-structure-v1__phoenix-night-grid,cross,A2,0.5,,288,2,24,1,37440,5,0.25773386546575994,0.29577732178133664,0.013783191143597388,0.24568921924861278,0.09551352920873106,0.013994729999991868,bd6779a378774e2d3eaec7758fbf34fbc4a40d76,inverted,5,0.321474358974359,2.2992125984251968,7,34,0.36592662572823176,0.6785256410256411
nasa-structure-v1__phoenix-night-grid,diamond,P,,,288,2,24,1,37440,4,0.2512501347765227,0.2732918245941206,0.010845093134518806,0.23214521347395609,0.07046141573362513,0.011538031000000958,bd6779a378774e2d3eaec7758fbf34fbc4a40d76,inverted,1,1,nan,nan,0,nan,0
nasa-structure-v1__phoenix-night-grid,diamond,F,,,288,2,24,1,37440,4,0.2574912914824927,0.29236164118652525,0.014362925202787173,0.26063849785847365,0.09929612888256795,0.0008890250000000941,bd6779a378774e2d3eaec7758fbf34fbc4a40d76,inverted,4,0.4480769230769231,5.329894248129998,17,62,0.7441444057297716,0.551923076923077
nasa-structure-v1__phoenix-night-grid,diamond,A1,,,288,2,24,1,37440,4,0.2574912914824927,0.29236164118652525,0.014362925202787173,0.26063849785847365,0.09929612888256795,0.017713502000000252,bd6779a378774e2d3eaec7758fbf34fbc4a40d76,inverted,4,0.4480769230769231,5.329894248129998,17,62,0.7441444057297716,0.551923076923077
nasa-structure-v1__phoenix-night-grid,diamond,A2,1,,288,2,24,1,37440,4,0.2649420550387965,0.3097721456620538,0.0127668162428655,0.2588471302215496,0.09206840276080148,0.05102783799997083,bd6779a378774e2d3eaec7758fbf34fbc4a40d76,inverted,4,0.43149038461538464,1.98202812179905,6,33,0.3310312426591496,0.5685096153846154
nasa-structure-v1__phoenix-night-grid,diamond,A2,0.5,,288,2,24,1,37440,4,0.2601652574805283,0.29849756567523883,0.014910171111022262,0.2591904815114109,0.09823557248232044,0.015727531999992325,bd6779a378774e2d3eaec7758fbf34fbc4a40d76,inverted,4,0.44540598290598293,2.6545640501150602,9,42,0.4851184742824119,0.5545940170940171
