queryPolarity,corpus,charset,arm,oracle,cells,glyphs,candidateW,candidateH,dimension,windows,mean,improvementPercent,productionAgreementPercent,meanInkDelta,maxInkDelta
direct,nasa-steerable-v1,blocks,squareSingleDisc,gmsd,8640,8,64,64,60,1,0.1886091819895451,0,62.175925925925924,0.2922918821157105,0.8423235416412354
direct,nasa-steerable-v1,blocks,squareSingleDisc,haarPSI,8640,8,64,64,60,1,0.4489545728212998,0,62.175925925925924,0.2922918821157105,0.8423235416412354
direct,nasa-steerable-v1,blocks,squareSingleDisc,mae,8640,8,64,64,60,1,0.3603062957012418,0,62.175925925925924,0.2922918821157105,0.8423235416412354
direct,nasa-steerable-v1,blocks,squareSingleDisc,rmse,8640,8,64,64,60,1,0.3746569519693691,0,62.175925925925924,0.2922918821157105,0.8423235416412354
direct,nasa-steerable-v1,blocks,squareSingleDisc,ssim,8640,8,64,64,60,1,0.3033531822950875,0,62.175925925925924,0.2922918821157105,0.8423235416412354
direct,nasa-steerable-v1,blocks,rectSingleDisc,gmsd,8640,8,12,24,60,1,0.19034217856340835,-0.9188293780730737,50.995370370370374,0.255931226860277,0.823883056640625
direct,nasa-steerable-v1,blocks,rectSingleDisc,haarPSI,8640,8,12,24,60,1,0.44740577271195886,-0.34497924803572955,50.995370370370374,0.255931226860277,0.823883056640625
direct,nasa-steerable-v1,blocks,rectSingleDisc,mae,8640,8,12,24,60,1,0.3463235236110715,3.880801489453991,50.995370370370374,0.255931226860277,0.823883056640625
direct,nasa-steerable-v1,blocks,rectSingleDisc,rmse,8640,8,12,24,60,1,0.3654132434305479,2.467245967339468,50.995370370370374,0.255931226860277,0.823883056640625
direct,nasa-steerable-v1,blocks,rectSingleDisc,ssim,8640,8,12,24,60,1,0.30377795456817713,0.14002565256639568,50.995370370370374,0.255931226860277,0.823883056640625
direct,nasa-steerable-v1,blocks,faithfulSingleDisc,gmsd,8640,8,12,24,60,1,0.18986028811065853,-0.6633325630895198,57.33796296296296,0.2785712637050353,0.8136717081069946
direct,nasa-steerable-v1,blocks,faithfulSingleDisc,haarPSI,8640,8,12,24,60,1,0.4514858783804604,0.5638222021558831,57.33796296296296,0.2785712637050353,0.8136717081069946
direct,nasa-steerable-v1,blocks,faithfulSingleDisc,mae,8640,8,12,24,60,1,0.3516726879623558,2.3961856459052266,57.33796296296296,0.2785712637050353,0.8136717081069946
direct,nasa-steerable-v1,blocks,faithfulSingleDisc,rmse,8640,8,12,24,60,1,0.3713177166711664,0.8912780826967512,57.33796296296296,0.2785712637050353,0.8136717081069946
direct,nasa-steerable-v1,blocks,faithfulSingleDisc,ssim,8640,8,12,24,60,1,0.3067265536269916,1.112027672293419,57.33796296296296,0.2785712637050353,0.8136717081069946
direct,nasa-steerable-v1,blocks,faithfulTiled,gmsd,8640,8,12,24,4320,72,0.18942598004221475,-0.43306377985082944,59.45601851851852,0.28686177815597386,0.8146313428878784
direct,nasa-steerable-v1,blocks,faithfulTiled,haarPSI,8640,8,12,24,4320,72,0.45208293303955394,0.6968099686779078,59.45601851851852,0.28686177815597386,0.8146313428878784
direct,nasa-steerable-v1,blocks,faithfulTiled,mae,8640,8,12,24,4320,72,0.3559971941098837,1.1959551200657135,59.45601851851852,0.28686177815597386,0.8146313428878784
direct,nasa-steerable-v1,blocks,faithfulTiled,rmse,8640,8,12,24,4320,72,0.37458009033764944,0.020515202324590573,59.45601851851852,0.28686177815597386,0.8146313428878784
direct,nasa-steerable-v1,blocks,faithfulTiled,ssim,8640,8,12,24,4320,72,0.3064064551147566,1.0065075950642337,59.45601851851852,0.28686177815597386,0.8146313428878784
direct,nasa-steerable-v1,blocks,faithfulTiledNoBlur,gmsd,8640,8,12,24,4320,72,0.1899528556789199,-0.7124115990542172,62.34953703703704,0.29655153831128567,0.8352792263031006
direct,nasa-steerable-v1,blocks,faithfulTiledNoBlur,haarPSI,8640,8,12,24,4320,72,0.45014922165971266,0.26609570560903345,62.34953703703704,0.29655153831128567,0.8352792263031006
direct,nasa-steerable-v1,blocks,faithfulTiledNoBlur,mae,8640,8,12,24,4320,72,0.3651797962063666,-1.3525993198758335,62.34953703703704,0.29655153831128567,0.8352792263031006
direct,nasa-steerable-v1,blocks,faithfulTiledNoBlur,rmse,8640,8,12,24,4320,72,0.3828212519487391,-2.179140127109534,62.34953703703704,0.29655153831128567,0.8352792263031006
direct,nasa-steerable-v1,blocks,faithfulTiledNoBlur,ssim,8640,8,12,24,4320,72,0.3050901376576327,0.5725851792303182,62.34953703703704,0.29655153831128567,0.8352792263031006
direct,nasa-steerable-v1,standard,squareSingleDisc,gmsd,8640,95,64,64,60,1,0.2054097219279599,0,76.90972222222221,0.17038052074990614,0.4829303026199341
direct,nasa-steerable-v1,standard,squareSingleDisc,haarPSI,8640,95,64,64,60,1,0.3768362445260125,0,76.90972222222221,0.17038052074990614,0.4829303026199341
direct,nasa-steerable-v1,standard,squareSingleDisc,mae,8640,95,64,64,60,1,0.2308288323042468,0,76.90972222222221,0.17038052074990614,0.4829303026199341
direct,nasa-steerable-v1,standard,squareSingleDisc,rmse,8640,95,64,64,60,1,0.24815260334847872,0,76.90972222222221,0.17038052074990614,0.4829303026199341
direct,nasa-steerable-v1,standard,squareSingleDisc,ssim,8640,95,64,64,60,1,0.30674100794033177,0,76.90972222222221,0.17038052074990614,0.4829303026199341
direct,nasa-steerable-v1,standard,rectSingleDisc,gmsd,8640,95,12,24,60,1,0.20568151231625967,-0.13231622425110723,53.067129629629626,0.16894963749283406,0.4919504225254059
direct,nasa-steerable-v1,standard,rectSingleDisc,haarPSI,8640,95,12,24,60,1,0.377399765800849,0.14954009414495134,53.067129629629626,0.16894963749283406,0.4919504225254059
direct,nasa-steerable-v1,standard,rectSingleDisc,mae,8640,95,12,24,60,1,0.2325304698565462,-0.7371858772202868,53.067129629629626,0.16894963749283406,0.4919504225254059
direct,nasa-steerable-v1,standard,rectSingleDisc,rmse,8640,95,12,24,60,1,0.2519920727664276,-1.5472210914334619,53.067129629629626,0.16894963749283406,0.4919504225254059
direct,nasa-steerable-v1,standard,rectSingleDisc,ssim,8640,95,12,24,60,1,0.30813539469823376,0.45458113581384235,53.067129629629626,0.16894963749283406,0.4919504225254059
direct,nasa-steerable-v1,standard,faithfulSingleDisc,gmsd,8640,95,12,24,60,1,0.2046475877421953,0.3710312143998165,58.032407407407405,0.16973755134159646,0.49255242943763733
direct,nasa-steerable-v1,standard,faithfulSingleDisc,haarPSI,8640,95,12,24,60,1,0.3758346998979619,-0.2657771492522773,58.032407407407405,0.16973755134159646,0.49255242943763733
direct,nasa-steerable-v1,standard,faithfulSingleDisc,mae,8640,95,12,24,60,1,0.23104587655899672,-0.09402822540982979,58.032407407407405,0.16973755134159646,0.49255242943763733
direct,nasa-steerable-v1,standard,faithfulSingleDisc,rmse,8640,95,12,24,60,1,0.2520018178652367,-1.5511481502986848,58.032407407407405,0.16973755134159646,0.49255242943763733
direct,nasa-steerable-v1,standard,faithfulSingleDisc,ssim,8640,95,12,24,60,1,0.30938015650166334,0.8603833504534053,58.032407407407405,0.16973755134159646,0.49255242943763733
direct,nasa-steerable-v1,standard,faithfulTiled,gmsd,8640,95,12,24,4320,72,0.21021311827417005,-2.338446447970354,54.479166666666664,0.16884889935387978,0.4905214011669159
direct,nasa-steerable-v1,standard,faithfulTiled,haarPSI,8640,95,12,24,4320,72,0.37829540644129567,0.3872137928554389,54.479166666666664,0.16884889935387978,0.4905214011669159
direct,nasa-steerable-v1,standard,faithfulTiled,mae,8640,95,12,24,4320,72,0.22704633564463134,1.6386586640224836,54.479166666666664,0.16884889935387978,0.4905214011669159
direct,nasa-steerable-v1,standard,faithfulTiled,rmse,8640,95,12,24,4320,72,0.2426739712147768,2.207767341456548,54.479166666666664,0.16884889935387978,0.4905214011669159
direct,nasa-steerable-v1,standard,faithfulTiled,ssim,8640,95,12,24,4320,72,0.31049948239268277,1.2252924633676994,54.479166666666664,0.16884889935387978,0.4905214011669159
direct,nasa-steerable-v1,standard,faithfulTiledNoBlur,gmsd,8640,95,12,24,4320,72,0.20957253160401762,-2.0265884384565225,54.83796296296296,0.1683768532233511,0.4847685396671295
direct,nasa-steerable-v1,standard,faithfulTiledNoBlur,haarPSI,8640,95,12,24,4320,72,0.377044599991446,0.05529071804003077,54.83796296296296,0.1683768532233511,0.4847685396671295
direct,nasa-steerable-v1,standard,faithfulTiledNoBlur,mae,8640,95,12,24,4320,72,0.22602217779515937,2.0823458062431133,54.83796296296296,0.1683768532233511,0.4847685396671295
direct,nasa-steerable-v1,standard,faithfulTiledNoBlur,rmse,8640,95,12,24,4320,72,0.24176769665433734,2.5729759059489314,54.83796296296296,0.1683768532233511,0.4847685396671295
direct,nasa-steerable-v1,standard,faithfulTiledNoBlur,ssim,8640,95,12,24,4320,72,0.3096940549332754,0.9627167273043802,54.83796296296296,0.1683768532233511,0.4847685396671295
direct,nasa-steerable-v1,braille,squareSingleDisc,gmsd,8640,256,64,64,60,1,0.21063347807952282,0,35.50925925925926,0.12821519351017305,0.37615692615509033
direct,nasa-steerable-v1,braille,squareSingleDisc,haarPSI,8640,256,64,64,60,1,0.3710240762015552,0,35.50925925925926,0.12821519351017305,0.37615692615509033
direct,nasa-steerable-v1,braille,squareSingleDisc,mae,8640,256,64,64,60,1,0.23704397995835158,0,35.50925925925926,0.12821519351017305,0.37615692615509033
direct,nasa-steerable-v1,braille,squareSingleDisc,rmse,8640,256,64,64,60,1,0.261268049588832,0,35.50925925925926,0.12821519351017305,0.37615692615509033
direct,nasa-steerable-v1,braille,squareSingleDisc,ssim,8640,256,64,64,60,1,0.3165633789906178,0,35.50925925925926,0.12821519351017305,0.37615692615509033
direct,nasa-steerable-v1,braille,rectSingleDisc,gmsd,8640,256,12,24,60,1,0.3109408816673937,-47.62177622590493,3.761574074074074,0.14058397111366502,0.37615692615509033
direct,nasa-steerable-v1,braille,rectSingleDisc,haarPSI,8640,256,12,24,60,1,0.09050932660434989,-75.60553818206083,3.761574074074074,0.14058397111366502,0.37615692615509033
direct,nasa-steerable-v1,braille,rectSingleDisc,mae,8640,256,12,24,60,1,0.2528437744818661,-6.665343083714066,3.761574074074074,0.14058397111366502,0.37615692615509033
direct,nasa-steerable-v1,braille,rectSingleDisc,rmse,8640,256,12,24,60,1,0.3239604049210054,-23.995415984019058,3.761574074074074,0.14058397111366502,0.37615692615509033
direct,nasa-steerable-v1,braille,rectSingleDisc,ssim,8640,256,12,24,60,1,0.027744117539829093,-91.23584110445974,3.761574074074074,0.14058397111366502,0.37615692615509033
direct,nasa-steerable-v1,braille,faithfulSingleDisc,gmsd,8640,256,12,24,60,1,0.3109408816673937,-47.62177622590493,3.761574074074074,0.14058397111366502,0.37615692615509033
direct,nasa-steerable-v1,braille,faithfulSingleDisc,haarPSI,8640,256,12,24,60,1,0.09050932660434989,-75.60553818206083,3.761574074074074,0.14058397111366502,0.37615692615509033
direct,nasa-steerable-v1,braille,faithfulSingleDisc,mae,8640,256,12,24,60,1,0.2528437744818661,-6.665343083714066,3.761574074074074,0.14058397111366502,0.37615692615509033
direct,nasa-steerable-v1,braille,faithfulSingleDisc,rmse,8640,256,12,24,60,1,0.3239604049210054,-23.995415984019058,3.761574074074074,0.14058397111366502,0.37615692615509033
direct,nasa-steerable-v1,braille,faithfulSingleDisc,ssim,8640,256,12,24,60,1,0.027744117539829093,-91.23584110445974,3.761574074074074,0.14058397111366502,0.37615692615509033
direct,nasa-steerable-v1,braille,faithfulTiled,gmsd,8640,256,12,24,4320,72,0.21048908975639227,0.06854956032964182,35.90277777777778,0.1280938416421931,0.37615692615509033
direct,nasa-steerable-v1,braille,faithfulTiled,haarPSI,8640,256,12,24,4320,72,0.37460289025167853,0.9645773090421172,35.90277777777778,0.1280938416421931,0.37615692615509033
direct,nasa-steerable-v1,braille,faithfulTiled,mae,8640,256,12,24,4320,72,0.23615390111888085,0.3754910121012639,35.90277777777778,0.1280938416421931,0.37615692615509033
direct,nasa-steerable-v1,braille,faithfulTiled,rmse,8640,256,12,24,4320,72,0.2598004280552438,0.5617301985060396,35.90277777777778,0.1280938416421931,0.37615692615509033
direct,nasa-steerable-v1,braille,faithfulTiled,ssim,8640,256,12,24,4320,72,0.32338555998002905,2.155075868587258,35.90277777777778,0.1280938416421931,0.37615692615509033
direct,nasa-steerable-v1,braille,faithfulTiledNoBlur,gmsd,8640,256,12,24,4320,72,0.20996793989344148,0.3159698031620928,36.226851851851855,0.12803474642256601,0.37615692615509033
direct,nasa-steerable-v1,braille,faithfulTiledNoBlur,haarPSI,8640,256,12,24,4320,72,0.3753536505016925,1.166925430948397,36.226851851851855,0.12803474642256601,0.37615692615509033
direct,nasa-steerable-v1,braille,faithfulTiledNoBlur,mae,8640,256,12,24,4320,72,0.23638800930767973,0.27672951272042806,36.226851851851855,0.12803474642256601,0.37615692615509033
direct,nasa-steerable-v1,braille,faithfulTiledNoBlur,rmse,8640,256,12,24,4320,72,0.259522785770455,0.6679974153454913,36.226851851851855,0.12803474642256601,0.37615692615509033
direct,nasa-steerable-v1,braille,faithfulTiledNoBlur,ssim,8640,256,12,24,4320,72,0.32135856813966895,1.5147643307134575,36.226851851851855,0.12803474642256601,0.37615692615509033
direct,nasa-occupancy-v1,blocks,squareSingleDisc,gmsd,66880,8,64,64,60,1,0.2583497305521469,0,66.91537081339712,0.32831090270070357,0.8526265621185303
direct,nasa-occupancy-v1,blocks,squareSingleDisc,haarPSI,66880,8,64,64,60,1,0.2857416012960231,0,66.91537081339712,0.32831090270070357,0.8526265621185303
direct,nasa-occupancy-v1,blocks,squareSingleDisc,mae,66880,8,64,64,60,1,0.4096966801129571,0,66.91537081339712,0.32831090270070357,0.8526265621185303
direct,nasa-occupancy-v1,blocks,squareSingleDisc,rmse,66880,8,64,64,60,1,0.4707699802199852,0,66.91537081339712,0.32831090270070357,0.8526265621185303
direct,nasa-occupancy-v1,blocks,squareSingleDisc,ssim,66880,8,64,64,60,1,0.10019900939351678,0,66.91537081339712,0.32831090270070357,0.8526265621185303
direct,nasa-occupancy-v1,blocks,rectSingleDisc,gmsd,66880,8,12,24,60,1,0.2606093049662533,-0.8746184520019524,51.31578947368421,0.28548996326464415,0.838646411895752
direct,nasa-occupancy-v1,blocks,rectSingleDisc,haarPSI,66880,8,12,24,60,1,0.2816132293118735,-1.444792065777183,51.31578947368421,0.28548996326464415,0.838646411895752
direct,nasa-occupancy-v1,blocks,rectSingleDisc,mae,66880,8,12,24,60,1,0.3936428249836953,3.918473326372973,51.31578947368421,0.28548996326464415,0.838646411895752
direct,nasa-occupancy-v1,blocks,rectSingleDisc,rmse,66880,8,12,24,60,1,0.4603138067089061,2.221079072670062,51.31578947368421,0.28548996326464415,0.838646411895752
direct,nasa-occupancy-v1,blocks,rectSingleDisc,ssim,66880,8,12,24,60,1,0.10087459286232928,0.674241664565008,51.31578947368421,0.28548996326464415,0.838646411895752
direct,nasa-occupancy-v1,blocks,faithfulSingleDisc,gmsd,66880,8,12,24,60,1,0.25965639288531833,-0.5057726711689773,59.28827751196172,0.30744827452473994,0.8218495845794678
direct,nasa-occupancy-v1,blocks,faithfulSingleDisc,haarPSI,66880,8,12,24,60,1,0.28652836878194854,0.27534229610141914,59.28827751196172,0.30744827452473994,0.8218495845794678
direct,nasa-occupancy-v1,blocks,faithfulSingleDisc,mae,66880,8,12,24,60,1,0.3966899237458062,3.1747282803377486,59.28827751196172,0.30744827452473994,0.8218495845794678
direct,nasa-occupancy-v1,blocks,faithfulSingleDisc,rmse,66880,8,12,24,60,1,0.46321250736510516,1.605342985410517,59.28827751196172,0.30744827452473994,0.8218495845794678
direct,nasa-occupancy-v1,blocks,faithfulSingleDisc,ssim,66880,8,12,24,60,1,0.10456773983829377,4.360053528692536,59.28827751196172,0.30744827452473994,0.8218495845794678
direct,nasa-occupancy-v1,blocks,faithfulTiled,gmsd,66880,8,12,24,4320,72,0.25855023132623495,-0.07760827683448793,62.93211722488038,0.3155535529901366,0.8129264116287231
direct,nasa-occupancy-v1,blocks,faithfulTiled,haarPSI,66880,8,12,24,4320,72,0.2895239297348703,1.3236884029808311,62.93211722488038,0.3155535529901366,0.8129264116287231
direct,nasa-occupancy-v1,blocks,faithfulTiled,mae,66880,8,12,24,4320,72,0.39895870628888813,2.620957001923578,62.93211722488038,0.3155535529901366,0.8129264116287231
direct,nasa-occupancy-v1,blocks,faithfulTiled,rmse,66880,8,12,24,4320,72,0.4636487862163704,1.5126695207470797,62.93211722488038,0.3155535529901366,0.8129264116287231
direct,nasa-occupancy-v1,blocks,faithfulTiled,ssim,66880,8,12,24,4320,72,0.10468878527290433,4.4808585499629245,62.93211722488038,0.3155535529901366,0.8129264116287231
direct,nasa-occupancy-v1,blocks,faithfulTiledNoBlur,gmsd,66880,8,12,24,4320,72,0.2601272599267711,-0.6880322154102008,66.37709330143541,0.3292295068159709,0.8339359164237976
direct,nasa-occupancy-v1,blocks,faithfulTiledNoBlur,haarPSI,66880,8,12,24,4320,72,0.28574551475092924,0.0013695782792511717,66.37709330143541,0.3292295068159709,0.8339359164237976
direct,nasa-occupancy-v1,blocks,faithfulTiledNoBlur,mae,66880,8,12,24,4320,72,0.411611843400237,-0.46745882508782743,66.37709330143541,0.3292295068159709,0.8339359164237976
direct,nasa-occupancy-v1,blocks,faithfulTiledNoBlur,rmse,66880,8,12,24,4320,72,0.4766170634184502,-1.2420254995301063,66.37709330143541,0.3292295068159709,0.8339359164237976
direct,nasa-occupancy-v1,blocks,faithfulTiledNoBlur,ssim,66880,8,12,24,4320,72,0.10181378475000069,1.611568184413999,66.37709330143541,0.3292295068159709,0.8339359164237976
direct,nasa-occupancy-v1,standard,squareSingleDisc,gmsd,66880,95,64,64,60,1,0.2983766140942615,0,81.5011961722488,0.3143064849297197,0.7793939113616943
direct,nasa-occupancy-v1,standard,squareSingleDisc,haarPSI,66880,95,64,64,60,1,0.18382495805572424,0,81.5011961722488,0.3143064849297197,0.7793939113616943
direct,nasa-occupancy-v1,standard,squareSingleDisc,mae,66880,95,64,64,60,1,0.3681657334148919,0,81.5011961722488,0.3143064849297197,0.7793939113616943
direct,nasa-occupancy-v1,standard,squareSingleDisc,rmse,66880,95,64,64,60,1,0.40283819195094434,0,81.5011961722488,0.3143064849297197,0.7793939113616943
direct,nasa-occupancy-v1,standard,squareSingleDisc,ssim,66880,95,64,64,60,1,0.10308008060635286,0,81.5011961722488,0.3143064849297197,0.7793939113616943
direct,nasa-occupancy-v1,standard,rectSingleDisc,gmsd,66880,95,12,24,60,1,0.30268024986975245,-1.4423502286044911,36.891447368421055,0.3096864972661195,0.7767556309700012
direct,nasa-occupancy-v1,standard,rectSingleDisc,haarPSI,66880,95,12,24,60,1,0.1808469412391944,-1.6200285576168034,36.891447368421055,0.3096864972661195,0.7767556309700012
direct,nasa-occupancy-v1,standard,rectSingleDisc,mae,66880,95,12,24,60,1,0.37111860070231284,-0.8020483764286972,36.891447368421055,0.3096864972661195,0.7767556309700012
direct,nasa-occupancy-v1,standard,rectSingleDisc,rmse,66880,95,12,24,60,1,0.4105637009929539,-1.917769763734407,36.891447368421055,0.3096864972661195,0.7767556309700012
direct,nasa-occupancy-v1,standard,rectSingleDisc,ssim,66880,95,12,24,60,1,0.1041771098215118,1.0642494735217884,36.891447368421055,0.3096864972661195,0.7767556309700012
direct,nasa-occupancy-v1,standard,faithfulSingleDisc,gmsd,66880,95,12,24,60,1,0.30959792126748215,-3.760786416617638,45.20484449760765,0.3107232437982683,0.7793939113616943
direct,nasa-occupancy-v1,standard,faithfulSingleDisc,haarPSI,66880,95,12,24,60,1,0.1831226703887258,-0.38204152168801947,45.20484449760765,0.3107232437982683,0.7793939113616943
direct,nasa-occupancy-v1,standard,faithfulSingleDisc,mae,66880,95,12,24,60,1,0.3712548468446788,-0.8390551182300645,45.20484449760765,0.3107232437982683,0.7793939113616943
direct,nasa-occupancy-v1,standard,faithfulSingleDisc,rmse,66880,95,12,24,60,1,0.41734656229957323,-3.6015379471258413,45.20484449760765,0.3107232437982683,0.7793939113616943
direct,nasa-occupancy-v1,standard,faithfulSingleDisc,ssim,66880,95,12,24,60,1,0.10516371760407392,2.0213769580547294,45.20484449760765,0.3107232437982683,0.7793939113616943
direct,nasa-occupancy-v1,standard,faithfulTiled,gmsd,66880,95,12,24,4320,72,0.30361976428316995,-1.7572255804377588,34.15071770334928,0.31004158973722373,0.786768913269043
direct,nasa-occupancy-v1,standard,faithfulTiled,haarPSI,66880,95,12,24,4320,72,0.18341038970780943,-0.2255234285374573,34.15071770334928,0.31004158973722373,0.786768913269043
direct,nasa-occupancy-v1,standard,faithfulTiled,mae,66880,95,12,24,4320,72,0.36745788296736565,0.19226407655069847,34.15071770334928,0.31004158973722373,0.786768913269043
direct,nasa-occupancy-v1,standard,faithfulTiled,rmse,66880,95,12,24,4320,72,0.40209289081878186,0.18501253035443033,34.15071770334928,0.31004158973722373,0.786768913269043
direct,nasa-occupancy-v1,standard,faithfulTiled,ssim,66880,95,12,24,4320,72,0.10915194654693743,5.890435770779125,34.15071770334928,0.31004158973722373,0.786768913269043
direct,nasa-occupancy-v1,standard,faithfulTiledNoBlur,gmsd,66880,95,12,24,4320,72,0.30404531758122066,-1.8998484529917987,53.88606459330143,0.3085182130558506,0.7793939113616943
direct,nasa-occupancy-v1,standard,faithfulTiledNoBlur,haarPSI,66880,95,12,24,4320,72,0.18152130603475042,-1.2531769599400642,53.88606459330143,0.3085182130558506,0.7793939113616943
direct,nasa-occupancy-v1,standard,faithfulTiledNoBlur,mae,66880,95,12,24,4320,72,0.36503400476111936,0.8506301291878624,53.88606459330143,0.3085182130558506,0.7793939113616943
direct,nasa-occupancy-v1,standard,faithfulTiledNoBlur,rmse,66880,95,12,24,4320,72,0.4001944447590532,0.6562801751957735,53.88606459330143,0.3085182130558506,0.7793939113616943
direct,nasa-occupancy-v1,standard,faithfulTiledNoBlur,ssim,66880,95,12,24,4320,72,0.1082403418332654,5.0060702286592065,53.88606459330143,0.3085182130558506,0.7793939113616943
direct,nasa-occupancy-v1,braille,squareSingleDisc,gmsd,66880,256,64,64,60,1,0.24358262822307603,0,33.61543062200957,0.23921474233654497,0.6174767017364502
direct,nasa-occupancy-v1,braille,squareSingleDisc,haarPSI,66880,256,64,64,60,1,0.1770082628556392,0,33.61543062200957,0.23921474233654497,0.6174767017364502
direct,nasa-occupancy-v1,braille,squareSingleDisc,mae,66880,256,64,64,60,1,0.3437865006761123,0,33.61543062200957,0.23921474233654497,0.6174767017364502
direct,nasa-occupancy-v1,braille,squareSingleDisc,rmse,66880,256,64,64,60,1,0.40385233956750316,0,33.61543062200957,0.23921474233654497,0.6174767017364502
direct,nasa-occupancy-v1,braille,squareSingleDisc,ssim,66880,256,64,64,60,1,0.11934109745266071,0,33.61543062200957,0.23921474233654497,0.6174767017364502
direct,nasa-occupancy-v1,braille,rectSingleDisc,gmsd,66880,256,12,24,60,1,0.26196505724682007,-7.54669130464804,22.79306220095694,0.24038778821829732,0.6463481187820435
direct,nasa-occupancy-v1,braille,rectSingleDisc,haarPSI,66880,256,12,24,60,1,0.136286730645164,-23.00544141472426,22.79306220095694,0.24038778821829732,0.6463481187820435
direct,nasa-occupancy-v1,braille,rectSingleDisc,mae,66880,256,12,24,60,1,0.3489654310037183,-1.5064379542014463,22.79306220095694,0.24038778821829732,0.6463481187820435
direct,nasa-occupancy-v1,braille,rectSingleDisc,rmse,66880,256,12,24,60,1,0.41678448927246264,-3.202197545471418,22.79306220095694,0.24038778821829732,0.6463481187820435
direct,nasa-occupancy-v1,braille,rectSingleDisc,ssim,66880,256,12,24,60,1,0.0727239432239543,-39.062112904733546,22.79306220095694,0.24038778821829732,0.6463481187820435
direct,nasa-occupancy-v1,braille,faithfulSingleDisc,gmsd,66880,256,12,24,60,1,0.26196505724682007,-7.54669130464804,22.79306220095694,0.24038778821829732,0.6463481187820435
direct,nasa-occupancy-v1,braille,faithfulSingleDisc,haarPSI,66880,256,12,24,60,1,0.136286730645164,-23.00544141472426,22.79306220095694,0.24038778821829732,0.6463481187820435
direct,nasa-occupancy-v1,braille,faithfulSingleDisc,mae,66880,256,12,24,60,1,0.3489654310037183,-1.5064379542014463,22.79306220095694,0.24038778821829732,0.6463481187820435
direct,nasa-occupancy-v1,braille,faithfulSingleDisc,rmse,66880,256,12,24,60,1,0.41678448927246264,-3.202197545471418,22.79306220095694,0.24038778821829732,0.6463481187820435
direct,nasa-occupancy-v1,braille,faithfulSingleDisc,ssim,66880,256,12,24,60,1,0.0727239432239543,-39.062112904733546,22.79306220095694,0.24038778821829732,0.6463481187820435
direct,nasa-occupancy-v1,braille,faithfulTiled,gmsd,66880,256,12,24,4320,72,0.24338841341571002,0.07973261836560083,30.24072966507177,0.23904267075184144,0.6174767017364502
direct,nasa-occupancy-v1,braille,faithfulTiled,haarPSI,66880,256,12,24,4320,72,0.18204944856733,2.8479945683677945,30.24072966507177,0.23904267075184144,0.6174767017364502
direct,nasa-occupancy-v1,braille,faithfulTiled,mae,66880,256,12,24,4320,72,0.3425395752297091,0.3627034348210064,30.24072966507177,0.23904267075184144,0.6174767017364502
direct,nasa-occupancy-v1,braille,faithfulTiled,rmse,66880,256,12,24,4320,72,0.4019705992697316,0.46594760346981245,30.24072966507177,0.23904267075184144,0.6174767017364502
direct,nasa-occupancy-v1,braille,faithfulTiled,ssim,66880,256,12,24,4320,72,0.12701445988576363,6.429773646204927,30.24072966507177,0.23904267075184144,0.6174767017364502
direct,nasa-occupancy-v1,braille,faithfulTiledNoBlur,gmsd,66880,256,12,24,4320,72,0.24329355774373526,0.11867450542328065,31.79874401913876,0.23910747186018347,0.6174767017364502
direct,nasa-occupancy-v1,braille,faithfulTiledNoBlur,haarPSI,66880,256,12,24,4320,72,0.1815545407198333,2.568398667299421,31.79874401913876,0.23910747186018347,0.6174767017364502
direct,nasa-occupancy-v1,braille,faithfulTiledNoBlur,mae,66880,256,12,24,4320,72,0.34300171164108306,0.22827802531101407,31.79874401913876,0.23910747186018347,0.6174767017364502
direct,nasa-occupancy-v1,braille,faithfulTiledNoBlur,rmse,66880,256,12,24,4320,72,0.40237663744800456,0.3654063564616146,31.79874401913876,0.23910747186018347,0.6174767017364502
direct,nasa-occupancy-v1,braille,faithfulTiledNoBlur,ssim,66880,256,12,24,4320,72,0.12406727644910223,3.9602275304333174,31.79874401913876,0.23910747186018347,0.6174767017364502
