corpus,charset,arm,w,topK,columns,oversample,footprint,stride,cells,glyphs,mae,rmse,ssim,gmsd,haarpsi,selectionWallSeconds,gitSHA,shapeQueryPolarity,glyphsUsed,blankShare,runMean,runP95,runMax,run5Share
nasa-structure-v1,minimal,P,,,288,2,24,1,112320,10,0.25014421901790695,0.25978559849717353,0.056127184963010626,0.18083040701018033,0.16032017621891106,0.030153481000016195,50d619f4be67b356dcbc907e1cc3f8d27f10223a,inverted,1,1,nan,nan,0,nan
nasa-structure-v1,minimal,F,,,288,2,24,1,112320,10,0.2572035564580494,0.30797422275516995,0.05111792219936136,0.2846298801707916,0.14476210662840133,0.0016288300000007045,50d619f4be67b356dcbc907e1cc3f8d27f10223a,inverted,10,0.04731125356125356,3.22734949933647,6,288,0.55191297684242
nasa-structure-v1,blocks,P,,,288,2,24,1,112320,8,0.5633446365654504,0.6444735155333893,0.0030802520758419875,0.3248971889646927,0.08885322676451107,0.025869795999989502,50d619f4be67b356dcbc907e1cc3f8d27f10223a,inverted,4,0.0007033475783475784,41.756324404761905,288,288,0.9820119207776125
nasa-structure-v1,blocks,F,,,288,2,24,1,112320,8,0.2977955839300431,0.3722089335436498,0.05424383912623238,0.3164824639998517,0.1381407471027979,0.0015886950000006464,50d619f4be67b356dcbc907e1cc3f8d27f10223a,inverted,8,0.0900997150997151,5.116907825564512,14,288,0.736839530332681
nasa-structure-v1,dots,P,,,288,2,24,1,112320,8,0.25014421901790695,0.25978559849717353,0.056127184963010626,0.18083040701018033,0.16032017621891106,0.022345739999987974,50d619f4be67b356dcbc907e1cc3f8d27f10223a,inverted,1,1,nan,nan,0,nan
nasa-structure-v1,dots,F,,,288,2,24,1,112320,8,0.2660960167012508,0.3326208056981935,0.009665805317914201,0.31287882221235186,0.09693346363243995,0.0014751380000005837,50d619f4be67b356dcbc907e1cc3f8d27f10223a,inverted,8,8.903133903133903e-06,5.261828914082264,12,288,0.7249174226978516
nasa-structure-v1,lines,P,,,288,2,24,1,112320,12,0.3028201094027802,0.38776466227720113,0.004784443611660688,0.33127200692298747,0.09341292807774146,0.029134505000022626,50d619f4be67b356dcbc907e1cc3f8d27f10223a,inverted,2,0.00019586894586894586,273.89756097560974,288,288,0.9999643804876311
nasa-structure-v1,lines,F,,,288,2,24,1,112320,12,0.2522735583763325,0.2813333729586042,0.05895435070962992,0.2518907431433731,0.16391282570727414,0.0016084680000007165,50d619f4be67b356dcbc907e1cc3f8d27f10223a,inverted,12,0.29739138176638175,5.643781734963885,18,288,0.7856101980561856
nasa-structure-v1,diagonal,P,,,288,2,24,1,112320,4,0.25014421901790695,0.25978559849717353,0.056127184963010626,0.18083040701018033,0.16032017621891106,0.012403771999990204,50d619f4be67b356dcbc907e1cc3f8d27f10223a,inverted,1,1,nan,nan,0,nan
nasa-structure-v1,diagonal,F,,,288,2,24,1,112320,4,0.2531656007989931,0.2810606978709528,0.05976537788191353,0.25434824533622163,0.16584548479925398,0.001190059000000319,50d619f4be67b356dcbc907e1cc3f8d27f10223a,inverted,4,0.33215811965811964,5.494982052596879,15,288,0.7371753852716899
nasa-structure-v1,cross,P,,,288,2,24,1,112320,5,0.25014421901790695,0.25978559849717353,0.056127184963010626,0.18083040701018033,0.16032017621891106,0.014631127999993098,50d619f4be67b356dcbc907e1cc3f8d27f10223a,inverted,1,1,nan,nan,0,nan
nasa-structure-v1,cross,F,,,288,2,24,1,112320,5,0.2502714485874814,0.27311142431519086,0.059844292107929235,0.24261793174640472,0.16039945387095006,0.0012957430000004135,50d619f4be67b356dcbc907e1cc3f8d27f10223a,inverted,5,0.3749821937321937,7.073249370277078,20,288,0.811600809093758
nasa-structure-v1,diamond,P,,,288,2,24,1,112320,4,0.25014421901790695,0.25978559849717353,0.056127184963010626,0.18083040701018033,0.16032017621891106,0.012974634999989363,50d619f4be67b356dcbc907e1cc3f8d27f10223a,inverted,1,1,nan,nan,0,nan
nasa-structure-v1,diamond,F,,,288,2,24,1,112320,4,0.2508032524766197,0.27395258677783185,0.05972622719427569,0.24719013447667895,0.1547120080478278,0.0012199870000003464,50d619f4be67b356dcbc907e1cc3f8d27f10223a,inverted,4,0.4741809116809117,10.17223561832587,30,288,0.8738740264138165
nasa-structure-v1,mixed,P,,,288,2,24,1,112320,12,0.2929335045115607,0.370679529473289,0.0058864340082182874,0.31326071260758703,0.10626968478521709,0.031516115000024644,50d619f4be67b356dcbc907e1cc3f8d27f10223a,inverted,2,0.00034722222222222224,264.1905882352941,288,288,0.9999198439629144
nasa-structure-v1,mixed,F,,,288,2,24,1,112320,12,0.26983453986184613,0.3443701373923738,0.00920662647954948,0.31842521254129036,0.09688391922474035,0.0015473880000006575,50d619f4be67b356dcbc907e1cc3f8d27f10223a,inverted,12,8.903133903133903e-06,3.8255790190735697,8,288,0.6383603842626804
