set,unicode_scalar,brightness_delta,raw_density_delta,shape_max_delta,orientation_max_delta,radial_peak_delta,overall_max_delta
standard,U+0020,0,0,0,0,0,0
standard,U+0021,0,0,0,0,0,0
standard,U+0022,0,0,0,0,0,0
standard,U+0023,0,0,0,0,0,0
standard,U+0024,0,0,0,0,0,0
standard,U+0025,0,0,0,0,0,0
standard,U+0026,0,0,0,0,0,0
standard,U+0027,0,0,0,0,0,0
standard,U+0028,0,0,0,0,0,0
standard,U+0029,0,0,0,0,0,0
standard,U+002A,0,0,0,0,0,0
standard,U+002B,0,0,0,0,0,0
standard,U+002C,0,0,0,0,0,0
standard,U+002D,0,0,0,0,0,0
standard,U+002E,0,0,0,0,0,0
standard,U+002F,0,0,0,0,0,0
standard,U+0030,0,0,0,0,0,0
standard,U+0031,0,0,0,0,0,0
standard,U+0032,0,0,0,0,0,0
standard,U+0033,0,0,0,0,0,0
standard,U+0034,0,0,0,0,0,0
standard,U+0035,0,0,0,0,0,0
standard,U+0036,0,0,0,0,0,0
standard,U+0037,0,0,0,0,0,0
standard,U+0038,0,0,0,0,0,0
standard,U+0039,0,0,0,0,0,0
standard,U+003A,0,0,0,0,0,0
standard,U+003B,0,0,0,0,0,0
standard,U+003C,0,0,0,0,0,0
standard,U+003D,0,0,0,0,0,0
standard,U+003E,0,0,0,0,0,0
standard,U+003F,0,0,0,0,0,0
standard,U+0040,0,0,0,0,0,0
standard,U+0041,0,0,0,0,0,0
standard,U+0042,0,0,0,0,0,0
standard,U+0043,0,0,0,0,0,0
standard,U+0044,0,0,0,0,0,0
standard,U+0045,0,0,0,0,0,0
standard,U+0046,0,0,0,0,0,0
standard,U+0047,0,0,0,0,0,0
standard,U+0048,0,0,0,0,0,0
standard,U+0049,0,0,0,0,0,0
standard,U+004A,0,0,0,0,0,0
standard,U+004B,0,0,0,0,0,0
standard,U+004C,0,0,0,0,0,0
standard,U+004D,0,0,0,0,0,0
standard,U+004E,0,0,0,0,0,0
standard,U+004F,0,0,0,0,0,0
standard,U+0050,0,0,0,0,0,0
standard,U+0051,0,0,0,0,0,0
standard,U+0052,0,0,0,0,0,0
standard,U+0053,0,0,0,0,0,0
standard,U+0054,0,0,0,0,0,0
standard,U+0055,0,0,0,0,0,0
standard,U+0056,0,0,0,0,0,0
standard,U+0057,0,0,0,0,0,0
standard,U+0058,0,0,0,0,0,0
standard,U+0059,0,0,0,0,0,0
standard,U+005A,0,0,0,0,0,0
standard,U+005B,0,0,0,0,0,0
standard,U+005C,0,0,0,0,0,0
standard,U+005D,0,0,0,0,0,0
standard,U+005E,0,0,0,0,0,0
standard,U+005F,0,0,0,0,0,0
standard,U+0060,0,0,0,0,0,0
standard,U+0061,0,0,0,0,0,0
standard,U+0062,0,0,0,0,0,0
standard,U+0063,0,0,0,0,0,0
standard,U+0064,0,0,0,0,0,0
standard,U+0065,0,0,0,0,0,0
standard,U+0066,0,0,0,0,0,0
standard,U+0067,0,0,0,0,0,0
standard,U+0068,0,0,0,0,0,0
standard,U+0069,0,0,0,0,0,0
standard,U+006A,0,0,0,0,0,0
standard,U+006B,0,0,0,0,0,0
standard,U+006C,0,0,0,0,0,0
standard,U+006D,0,0,0,0,0,0
standard,U+006E,0,0,0,0,0,0
standard,U+006F,0,0,0,0,0,0
standard,U+0070,0,0,0,0,0,0
standard,U+0071,0,0,0,0,0,0
standard,U+0072,0,0,0,0,0,0
standard,U+0073,0,0,0,0,0,0
standard,U+0074,0,0,0,0,0,0
standard,U+0075,0,0,0,0,0,0
standard,U+0076,0,0,0,0,0,0
standard,U+0077,0,0,0,0,0,0
standard,U+0078,0,0,0,0,0,0
standard,U+0079,0,0,0,0,0,0
standard,U+007A,0,0,0,0,0,0
standard,U+007B,0,0,0,0,0,0
standard,U+007C,0,0,0,0,0,0
standard,U+007D,0,0,0,0,0,0
standard,U+007E,0,0,0,0,0,0
minimal,U+0020,0,0,0,0,0,0
minimal,U+0023,0,0,0,0,0,0
minimal,U+0025,0,0,0,0,0,0
minimal,U+002A,0,0,0,0,0,0
minimal,U+002B,0,0,0,0,0,0
minimal,U+002D,0,0,0,0,0,0
minimal,U+002E,0,0,0,0,0,0
minimal,U+003A,0,0,0,0,0,0
minimal,U+003D,0,0,0,0,0,0
minimal,U+0040,0,0,0,0,0,0
blocks,U+0020,0,0,0,0,0,0
blocks,U+2580,0,0,0,0,0,0
blocks,U+2584,0,0,0,0,0,0
blocks,U+2588,0,0,0,0,0,0
blocks,U+2591,0,0,0,0,0,0
blocks,U+2592,0,0,0,0,0,0
blocks,U+2593,0,0,0,0,0,0
blocks,U+25A0,0,0,0,0,0,0
dots,U+0020,0,0,0,0,0,0
dots,U+002E,0,0,0,0,0,0
dots,U+00B7,0,0,0,0,0,0
dots,U+2022,0,0,0,0,0,0
dots,U+2219,0,0,0,0,0,0
dots,U+25CB,0,0,0,0,0,0
dots,U+25CF,0,0,0,0,0,0
dots,U+25E6,0,0,0,0,0,0
lines,U+0020,0,0,0,0,0,0
lines,U+2500,0,0,0,0,0,0
lines,U+2502,0,0,0,0,0,0
lines,U+250C,0,0,0,0,0,0
lines,U+2510,0,0,0,0,0,0
lines,U+2514,0,0,0,0,0,0
lines,U+2518,0,0,0,0,0,0
lines,U+251C,0,0,0,0,0,0
lines,U+2524,0,0,0,0,0,0
lines,U+252C,0,0,0,0,0,0
lines,U+2534,0,0,0,0,0,0
lines,U+253C,0,0,0,0,0,0
diagonal,U+0020,0,0,0,0,0,0
diagonal,U+002F,0,0,0,0,0,0
diagonal,U+0058,0,0,0,0,0,0
diagonal,U+005C,0,0,0,0,0,0
cross,U+0020,0,0,0,0,0,0
cross,U+002A,0,0,0,0,0,0
cross,U+002B,0,0,0,0,0,0
cross,U+0078,0,0,0,0,0,0
cross,U+2020,0,0,0,0,0,0
diamond,U+0020,0,0,0,0,0,0
diamond,U+25C6,0,0,0,0,0,0
diamond,U+25C7,0,0,0,0,0,0
diamond,U+25C8,0,0,0,0,0,0
mixed,U+0020,0,0,0,0,0,0
mixed,U+002B,0,0,0,0,0,0
mixed,U+002E,0,0,0,0,0,0
mixed,U+002F,0,0,0,0,0,0
mixed,U+005C,0,0,0,0,0,0
mixed,U+0078,0,0,0,0,0,0
mixed,U+00B7,0,0,0,0,0,0
mixed,U+2022,0,0,0,0,0,0
mixed,U+2500,0,0,0,0,0,0
mixed,U+2502,0,0,0,0,0,0
mixed,U+25A0,0,0,0,0,0,0
mixed,U+25C7,0,0,0,0,0,0
braille,U+2800,0,0,0,0,0,0
braille,U+2801,0,0,0,0,0,0
braille,U+2802,0,0,0,0,0,0
braille,U+2803,0,0,0,0,0,0
braille,U+2804,0,0,0,0,0,0
braille,U+2805,0,0,0,0,0,0
braille,U+2806,0,0,0,0,0,0
braille,U+2807,0,0,0,0,0,0
braille,U+2808,0,0,0,0,0,0
braille,U+2809,0,0,0,0,0,0
braille,U+280A,0,0,0,0,0,0
braille,U+280B,0,0,0,0,0,0
braille,U+280C,0,0,0,0,0,0
braille,U+280D,0,0,0,0,0,0
braille,U+280E,0,0,0,0,0,0
braille,U+280F,0,0,0,0,0,0
braille,U+2810,0,0,0,0,0,0
braille,U+2811,0,0,0,0,0,0
braille,U+2812,0,0,0,0,0,0
braille,U+2813,0,0,0,0,0,0
braille,U+2814,0,0,0,0,0,0
braille,U+2815,0,0,0,0,0,0
braille,U+2816,0,0,0,0,0,0
braille,U+2817,0,0,0,0,0,0
braille,U+2818,0,0,0,0,0,0
braille,U+2819,0,0,0,0,0,0
braille,U+281A,0,0,0,0,0,0
braille,U+281B,0,0,0,0,0,0
braille,U+281C,0,0,0,0,0,0
braille,U+281D,0,0,0,0,0,0
braille,U+281E,0,0,0,0,0,0
braille,U+281F,0,0,0,0,0,0
braille,U+2820,0,0,0,0,0,0
braille,U+2821,0,0,0,0,0,0
braille,U+2822,0,0,0,0,0,0
braille,U+2823,0,0,0,0,0,0
braille,U+2824,0,0,0,0,0,0
braille,U+2825,0,0,0,0,0,0
braille,U+2826,0,0,0,0,0,0
braille,U+2827,0,0,0,0,0,0
braille,U+2828,0,0,0,0,0,0
braille,U+2829,0,0,0,0,0,0
braille,U+282A,0,0,0,0,0,0
braille,U+282B,0,0,0,0,0,0
braille,U+282C,0,0,0,0,0,0
braille,U+282D,0,0,0,0,0,0
braille,U+282E,0,0,0,0,0,0
braille,U+282F,0,0,0,0,0,0
braille,U+2830,0,0,0,0,0,0
braille,U+2831,0,0,0,0,0,0
braille,U+2832,0,0,0,0,0,0
braille,U+2833,0,0,0,0,0,0
braille,U+2834,0,0,0,0,0,0
braille,U+2835,0,0,0,0,0,0
braille,U+2836,0,0,0,0,0,0
braille,U+2837,0,0,0,0,0,0
braille,U+2838,0,0,0,0,0,0
braille,U+2839,0,0,0,0,0,0
braille,U+283A,0,0,0,0,0,0
braille,U+283B,0,0,0,0,0,0
braille,U+283C,0,0,0,0,0,0
braille,U+283D,0,0,0,0,0,0
braille,U+283E,0,0,0,0,0,0
braille,U+283F,0,0,0,0,0,0
braille,U+2840,0,0,0,0,0,0
braille,U+2841,0,0,0,0,0,0
braille,U+2842,0,0,0,0,0,0
braille,U+2843,0,0,0,0,0,0
braille,U+2844,0,0,0,0,0,0
braille,U+2845,0,0,0,0,0,0
braille,U+2846,0,0,0,0,0,0
braille,U+2847,0,0,0,0,0,0
braille,U+2848,0,0,0,0,0,0
braille,U+2849,0,0,0,0,0,0
braille,U+284A,0,0,0,0,0,0
braille,U+284B,0,0,0,0,0,0
braille,U+284C,0,0,0,0,0,0
braille,U+284D,0,0,0,0,0,0
braille,U+284E,0,0,0,0,0,0
braille,U+284F,0,0,0,0,0,0
braille,U+2850,0,0,0,0,0,0
braille,U+2851,0,0,0,0,0,0
braille,U+2852,0,0,0,0,0,0
braille,U+2853,0,0,0,0,0,0
braille,U+2854,0,0,0,0,0,0
braille,U+2855,0,0,0,0,0,0
braille,U+2856,0,0,0,0,0,0
braille,U+2857,0,0,0,0,0,0
braille,U+2858,0,0,0,0,0,0
braille,U+2859,0,0,0,0,0,0
braille,U+285A,0,0,0,0,0,0
braille,U+285B,0,0,0,0,0,0
braille,U+285C,0,0,0,0,0,0
braille,U+285D,0,0,0,0,0,0
braille,U+285E,0,0,0,0,0,0
braille,U+285F,0,0,0,0,0,0
braille,U+2860,0,0,0,0,0,0
braille,U+2861,0,0,0,0,0,0
braille,U+2862,0,0,0,0,0,0
braille,U+2863,0,0,0,0,0,0
braille,U+2864,0,0,0,0,0,0
braille,U+2865,0,0,0,0,0,0
braille,U+2866,0,0,0,0,0,0
braille,U+2867,0,0,0,0,0,0
braille,U+2868,0,0,0,0,0,0
braille,U+2869,0,0,0,0,0,0
braille,U+286A,0,0,0,0,0,0
braille,U+286B,0,0,0,0,0,0
braille,U+286C,0,0,0,0,0,0
braille,U+286D,0,0,0,0,0,0
braille,U+286E,0,0,0,0,0,0
braille,U+286F,0,0,0,0,0,0
braille,U+2870,0,0,0,0,0,0
braille,U+2871,0,0,0,0,0,0
braille,U+2872,0,0,0,0,0,0
braille,U+2873,0,0,0,0,0,0
braille,U+2874,0,0,0,0,0,0
braille,U+2875,0,0,0,0,0,0
braille,U+2876,0,0,0,0,0,0
braille,U+2877,0,0,0,0,0,0
braille,U+2878,0,0,0,0,0,0
braille,U+2879,0,0,0,0,0,0
braille,U+287A,0,0,0,0,0,0
braille,U+287B,0,0,0,0,0,0
braille,U+287C,0,0,0,0,0,0
braille,U+287D,0,0,0,0,0,0
braille,U+287E,0,0,0,0,0,0
braille,U+287F,0,0,0,0,0,0
braille,U+2880,0,0,0,0,0,0
braille,U+2881,0,0,0,0,0,0
braille,U+2882,0,0,0,0,0,0
braille,U+2883,0,0,0,0,0,0
braille,U+2884,0,0,0,0,0,0
braille,U+2885,0,0,0,0,0,0
braille,U+2886,0,0,0,0,0,0
braille,U+2887,0,0,0,0,0,0
braille,U+2888,0,0,0,0,0,0
braille,U+2889,0,0,0,0,0,0
braille,U+288A,0,0,0,0,0,0
braille,U+288B,0,0,0,0,0,0
braille,U+288C,0,0,0,0,0,0
braille,U+288D,0,0,0,0,0,0
braille,U+288E,0,0,0,0,0,0
braille,U+288F,0,0,0,0,0,0
braille,U+2890,0,0,0,0,0,0
braille,U+2891,0,0,0,0,0,0
braille,U+2892,0,0,0,0,0,0
braille,U+2893,0,0,0,0,0,0
braille,U+2894,0,0,0,0,0,0
braille,U+2895,0,0,0,0,0,0
braille,U+2896,0,0,0,0,0,0
braille,U+2897,0,0,0,0,0,0
braille,U+2898,0,0,0,0,0,0
braille,U+2899,0,0,0,0,0,0
braille,U+289A,0,0,0,0,0,0
braille,U+289B,0,0,0,0,0,0
braille,U+289C,0,0,0,0,0,0
braille,U+289D,0,0,0,0,0,0
braille,U+289E,0,0,0,0,0,0
braille,U+289F,0,0,0,0,0,0
braille,U+28A0,0,0,0,0,0,0
braille,U+28A1,0,0,0,0,0,0
braille,U+28A2,0,0,0,0,0,0
braille,U+28A3,0,0,0,0,0,0
braille,U+28A4,0,0,0,0,0,0
braille,U+28A5,0,0,0,0,0,0
braille,U+28A6,0,0,0,0,0,0
braille,U+28A7,0,0,0,0,0,0
braille,U+28A8,0,0,0,0,0,0
braille,U+28A9,0,0,0,0,0,0
braille,U+28AA,0,0,0,0,0,0
braille,U+28AB,0,0,0,0,0,0
braille,U+28AC,0,0,0,0,0,0
braille,U+28AD,0,0,0,0,0,0
braille,U+28AE,0,0,0,0,0,0
braille,U+28AF,0,0,0,0,0,0
braille,U+28B0,0,0,0,0,0,0
braille,U+28B1,0,0,0,0,0,0
braille,U+28B2,0,0,0,0,0,0
braille,U+28B3,0,0,0,0,0,0
braille,U+28B4,0,0,0,0,0,0
braille,U+28B5,0,0,0,0,0,0
braille,U+28B6,0,0,0,0,0,0
braille,U+28B7,0,0,0,0,0,0
braille,U+28B8,0,0,0,0,0,0
braille,U+28B9,0,0,0,0,0,0
braille,U+28BA,0,0,0,0,0,0
braille,U+28BB,0,0,0,0,0,0
braille,U+28BC,0,0,0,0,0,0
braille,U+28BD,0,0,0,0,0,0
braille,U+28BE,0,0,0,0,0,0
braille,U+28BF,0,0,0,0,0,0
braille,U+28C0,0,0,0,0,0,0
braille,U+28C1,0,0,0,0,0,0
braille,U+28C2,0,0,0,0,0,0
braille,U+28C3,0,0,0,0,0,0
braille,U+28C4,0,0,0,0,0,0
braille,U+28C5,0,0,0,0,0,0
braille,U+28C6,0,0,0,0,0,0
braille,U+28C7,0,0,0,0,0,0
braille,U+28C8,0,0,0,0,0,0
braille,U+28C9,0,0,0,0,0,0
braille,U+28CA,0,0,0,0,0,0
braille,U+28CB,0,0,0,0,0,0
braille,U+28CC,0,0,0,0,0,0
braille,U+28CD,0,0,0,0,0,0
braille,U+28CE,0,0,0,0,0,0
braille,U+28CF,0,0,0,0,0,0
braille,U+28D0,0,0,0,0,0,0
braille,U+28D1,0,0,0,0,0,0
braille,U+28D2,0,0,0,0,0,0
braille,U+28D3,0,0,0,0,0,0
braille,U+28D4,0,0,0,0,0,0
braille,U+28D5,0,0,0,0,0,0
braille,U+28D6,0,0,0,0,0,0
braille,U+28D7,0,0,0,0,0,0
braille,U+28D8,0,0,0,0,0,0
braille,U+28D9,0,0,0,0,0,0
braille,U+28DA,0,0,0,0,0,0
braille,U+28DB,0,0,0,0,0,0
braille,U+28DC,0,0,0,0,0,0
braille,U+28DD,0,0,0,0,0,0
braille,U+28DE,0,0,0,0,0,0
braille,U+28DF,0,0,0,0,0,0
braille,U+28E0,0,0,0,0,0,0
braille,U+28E1,0,0,0,0,0,0
braille,U+28E2,0,0,0,0,0,0
braille,U+28E3,0,0,0,0,0,0
braille,U+28E4,0,0,0,0,0,0
braille,U+28E5,0,0,0,0,0,0
braille,U+28E6,0,0,0,0,0,0
braille,U+28E7,0,0,0,0,0,0
braille,U+28E8,0,0,0,0,0,0
braille,U+28E9,0,0,0,0,0,0
braille,U+28EA,0,0,0,0,0,0
braille,U+28EB,0,0,0,0,0,0
braille,U+28EC,0,0,0,0,0,0
braille,U+28ED,0,0,0,0,0,0
braille,U+28EE,0,0,0,0,0,0
braille,U+28EF,0,0,0,0,0,0
braille,U+28F0,0,0,0,0,0,0
braille,U+28F1,0,0,0,0,0,0
braille,U+28F2,0,0,0,0,0,0
braille,U+28F3,0,0,0,0,0,0
braille,U+28F4,0,0,0,0,0,0
braille,U+28F5,0,0,0,0,0,0
braille,U+28F6,0,0,0,0,0,0
braille,U+28F7,0,0,0,0,0,0
braille,U+28F8,0,0,0,0,0,0
braille,U+28F9,0,0,0,0,0,0
braille,U+28FA,0,0,0,0,0,0
braille,U+28FB,0,0,0,0,0,0
braille,U+28FC,0,0,0,0,0,0
braille,U+28FD,0,0,0,0,0,0
braille,U+28FE,0,0,0,0,0,0
braille,U+28FF,0,0,0,0,0,0
