corpus,charset,arm,w,topK,columns,oversample,footprint,stride,cells,glyphs,mae,rmse,ssim,gmsd,haarpsi,selectionWallSeconds,gitSHA
nasa-structure-v1,blocks,P,,,80,2,24,1,8640,8,0.5571375449107365,0.6353310231527719,0.0026050996482731605,0.2950194438009309,0.08336442231379701,0.002402809999999959,a07f806
nasa-structure-v1,blocks,F,,,80,2,24,1,8640,8,0.3180936465287037,0.39395673270518605,0.03622990075522239,0.304054436197626,0.12084200463431354,0.00011543299999999464,a07f806
nasa-structure-v1,blocks,F_legacy,,,80,2,24,1,8640,8,0.2632060869431321,0.305764512219124,0.04263246520867941,0.25531476807012626,0.15192932366529605,0.0001869930000000016,a07f806
nasa-structure-v1,blocks,T,0,,80,2,24,1,8640,8,0.5571375449107365,0.6353310231527719,0.0026050996482731605,0.2950194438009309,0.08336442231379701,0.0043385109999999685,a07f806
nasa-structure-v1,blocks,T,1,,80,2,24,1,8640,8,0.29915447130040473,0.38216680189465957,0.03236874916080752,0.3150781426557583,0.12298259716040878,0.0027548629999996715,a07f806
nasa-structure-v1,blocks,T,2,,80,2,24,1,8640,8,0.29812053271645766,0.37998354950556595,0.03369876949275995,0.31359601806046306,0.12493630330326397,0.0025296779999997515,a07f806
nasa-structure-v1,blocks,T,5,,80,2,24,1,8640,8,0.2989193436959985,0.37883388488018327,0.035020727525961956,0.3113453967336294,0.1266381577208847,0.002425998999999818,a07f806
nasa-structure-v1,blocks,T,10,,80,2,24,1,8640,8,0.3001777079112434,0.3789684395085286,0.03585430470405371,0.30969732004965217,0.1267184204213384,0.0024635929999997936,a07f806
nasa-structure-v1,blocks,T,25,,80,2,24,1,8640,8,0.30100397918209176,0.3789159928547074,0.0367041718776237,0.3085153206728164,0.12694238238345587,0.0023868789999998497,a07f806
nasa-structure-v1,blocks,T,50,,80,2,24,1,8640,8,0.3014449070250449,0.37903550736630615,0.037008011100555516,0.3080219322642616,0.1270533489745622,0.002427346999999821,a07f806
nasa-structure-v1,blocks,lex,,2,80,2,24,1,8640,8,0.5066376344689988,0.5936098680467568,0.0023483422120287034,0.3356968904223193,0.07517375717240403,0.0036562019999995944,a07f806
nasa-structure-v1,blocks,lex,,3,80,2,24,1,8640,8,0.3064222412242772,0.39375509738990505,0.004168248923758128,0.32960081702198335,0.09868182325118657,0.0023498879999998743,a07f806
nasa-structure-v1,blocks,lex,,4,80,2,24,1,8640,8,0.30526616798983686,0.39491394659044615,0.005456252977639576,0.3297447099961013,0.09466179998286735,0.0022790189999999273,a07f806
nasa-structure-v1,blocks,lex,,6,80,2,24,1,8640,8,0.3114510236601443,0.3887575862169709,0.034979938356523244,0.3071111283026468,0.12306617657256645,0.002453914999999808,a07f806
nasa-structure-v1,blocks,znorm,0,,80,2,24,1,8640,8,0.5571375449107365,0.6353310231527719,0.0026050996482731605,0.2950194438009309,0.08336442231379701,0.0022802569999999297,a07f806
nasa-structure-v1,blocks,znorm,1,,80,2,24,1,8640,8,0.3038995164854756,0.3932149695361601,0.005088172324354949,0.32865503228235693,0.0963861370497105,0.001893928000000041,a07f806
nasa-structure-v1,blocks,znorm,2,,80,2,24,1,8640,8,0.3045918593634952,0.3940439676007319,0.005278179982745709,0.32949847996679515,0.09535991257167852,0.0018502090000000204,a07f806
nasa-structure-v1,blocks,znorm,5,,80,2,24,1,8640,8,0.299264617226015,0.38239176812067965,0.03221013620201921,0.31514855804286035,0.12286136477720712,0.001817649000000023,a07f806
nasa-structure-v1,blocks,znorm,10,,80,2,24,1,8640,8,0.29824273775188764,0.38024730391557443,0.033543574941485695,0.31382798812449547,0.12467379118872525,0.001796323000000009,a07f806
nasa-structure-v1,blocks,znorm,25,,80,2,24,1,8640,8,0.2987183686434889,0.3788791633631868,0.03482562797964606,0.3118048431347838,0.12644959351750049,0.0017841590000000145,a07f806
nasa-structure-v1,blocks,znorm,50,,80,2,24,1,8640,8,0.29996625806847216,0.3788206432719656,0.035784431868523196,0.3098304349293318,0.126807957553261,0.0018200190000000158,a07f806
nasa-structure-v1,diagonal,P,,,80,2,24,1,8640,4,0.26576730312218466,0.28412477752716775,0.03646214615917642,0.1770515881515402,0.11749829572147018,0.0013142319999999278,a07f806
nasa-structure-v1,diagonal,F,,,80,2,24,1,8640,4,0.27087379630443553,0.3066413564234282,0.04035248898167831,0.25050126684955815,0.13072409885452788,9.600399999999612e-05,a07f806
nasa-structure-v1,diagonal,F_legacy,,,80,2,24,1,8640,4,0.2884651589840372,0.3401147891990404,0.039508951270954905,0.2762684238268563,0.12534806380733282,9.480299999999631e-05,a07f806
nasa-structure-v1,diagonal,T,0,,80,2,24,1,8640,4,0.26576730312218466,0.28412477752716775,0.03646214615917642,0.1770515881515402,0.11749829572147018,0.0026915719999997595,a07f806
nasa-structure-v1,diagonal,T,1,,80,2,24,1,8640,4,0.25959366098828646,0.28566101317525217,0.039509449935113586,0.23304187972439824,0.12323586989098706,0.002090601000000032,a07f806
nasa-structure-v1,diagonal,T,2,,80,2,24,1,8640,4,0.2649024811618438,0.29492091061564885,0.04000354077080635,0.24042620986468002,0.12833086423618492,0.001944236000000076,a07f806
nasa-structure-v1,diagonal,T,5,,80,2,24,1,8640,4,0.26839120856377857,0.30159950831031346,0.03999882056761324,0.24592411142127252,0.13019200103421233,0.0019229170000000613,a07f806
nasa-structure-v1,diagonal,T,10,,80,2,24,1,8640,4,0.2694564883414091,0.3037754459970253,0.04030188450452136,0.2475968664421444,0.1306283124481219,0.0019751540000000835,a07f806
nasa-structure-v1,diagonal,T,25,,80,2,24,1,8640,4,0.2702530345232825,0.30544647711942174,0.040285596919072526,0.2493494522415095,0.13068968126151126,0.0019133990000000667,a07f806
nasa-structure-v1,diagonal,T,50,,80,2,24,1,8640,4,0.2704728922718786,0.30586534318401715,0.04034794057618411,0.24968152117345335,0.13072186017876714,0.0020259930000000653,a07f806
nasa-structure-v1,diagonal,lex,,2,80,2,24,1,8640,4,0.2540152765683434,0.27637457792254955,0.039191229103227095,0.22032429139586493,0.11506651515079173,0.002435733999999878,a07f806
nasa-structure-v1,diagonal,lex,,3,80,2,24,1,8640,4,0.2708054669192618,0.3066185543155656,0.04007604899054421,0.2507579540142657,0.13064402776107462,0.0018443480000000243,a07f806
nasa-structure-v1,diagonal,lex,,4,80,2,24,1,8640,4,0.27087379630443553,0.3066413564234282,0.04035248898167831,0.25050126684955815,0.13072409885452788,0.0019464630000000478,a07f806
nasa-structure-v1,diagonal,lex,,6,80,2,24,1,8640,4,0.27087379630443553,0.3066413564234282,0.04035248898167831,0.25050126684955815,0.13072409885452788,0.0018899920000000651,a07f806
nasa-structure-v1,diagonal,znorm,0,,80,2,24,1,8640,4,0.26576730312218466,0.28412477752716775,0.03646214615917642,0.1770515881515402,0.11749829572147018,0.0018103719999999917,a07f806
nasa-structure-v1,diagonal,znorm,1,,80,2,24,1,8640,4,0.2543193690380613,0.2761062380658459,0.03765701739006265,0.20883019138155795,0.1114088360513711,0.0015924739999999293,a07f806
nasa-structure-v1,diagonal,znorm,2,,80,2,24,1,8640,4,0.2538697189167531,0.2760459824563706,0.038396722082215375,0.21861545278966693,0.11448822273651378,0.0015303029999999209,a07f806
nasa-structure-v1,diagonal,znorm,5,,80,2,24,1,8640,4,0.2622131656353111,0.2901243827706131,0.03971892045442128,0.2364400791413404,0.1261488446700982,0.0015319779999999257,a07f806
nasa-structure-v1,diagonal,znorm,10,,80,2,24,1,8640,4,0.2663689126909876,0.29767605714027484,0.03985414436291708,0.2428064989779797,0.12915662865404537,0.0015017059999999113,a07f806
nasa-structure-v1,diagonal,znorm,25,,80,2,24,1,8640,4,0.2689158266641288,0.3027050146026725,0.04012050903447062,0.2469138673218715,0.13037577563047315,0.001498711999999911,a07f806
nasa-structure-v1,diagonal,znorm,50,,80,2,24,1,8640,4,0.26979296740894715,0.3045034799992703,0.04030298351194785,0.24846533726823336,0.13062258098199933,0.00150460099999991,a07f806
nasa-structure-v1,diamond,P,,,80,2,24,1,8640,4,0.26576730312218466,0.28412477752716775,0.03646214615917642,0.1770515881515402,0.11749829572147018,0.0013219019999999276,a07f806
nasa-structure-v1,diamond,F,,,80,2,24,1,8640,4,0.2706218218487783,0.3029137582446613,0.03904954735421255,0.24356283668899115,0.12653878758424422,9.735799999999619e-05,a07f806
nasa-structure-v1,diamond,F_legacy,,,80,2,24,1,8640,4,0.29169189046900434,0.3363150942156848,0.03847597198823946,0.258641935397992,0.12539993706884303,0.0001134689999999949,a07f806
nasa-structure-v1,diamond,T,0,,80,2,24,1,8640,4,0.26576730312218466,0.28412477752716775,0.03646214615917642,0.1770515881515402,0.11749829572147018,0.002642869999999764,a07f806
nasa-structure-v1,diamond,T,1,,80,2,24,1,8640,4,0.26414296790955166,0.2922686493935164,0.039366891444696094,0.23587833107011053,0.12309479597812162,0.002092508000000019,a07f806
nasa-structure-v1,diamond,T,2,,80,2,24,1,8640,4,0.2673535245744069,0.2974759000291707,0.03928336569018753,0.23958060445306822,0.12496996672193438,0.0019498140000000568,a07f806
nasa-structure-v1,diamond,T,5,,80,2,24,1,8640,4,0.269242014529293,0.30056391080804357,0.039061331930810815,0.24143023363469995,0.12621775496079735,0.0019260650000000456,a07f806
nasa-structure-v1,diamond,T,10,,80,2,24,1,8640,4,0.27003809848700244,0.3019312942337189,0.03902265857366774,0.24269989238803485,0.12639649014153653,0.0019932770000000454,a07f806
nasa-structure-v1,diamond,T,25,,80,2,24,1,8640,4,0.2704426556010733,0.3026121080280747,0.03903163386783535,0.2432178938884066,0.1265174927722244,0.001910000000000038,a07f806
nasa-structure-v1,diamond,T,50,,80,2,24,1,8640,4,0.27053042771167646,0.3027603780809357,0.0390194440726704,0.2434389420565476,0.12649128466454232,0.0019766330000000588,a07f806
nasa-structure-v1,diamond,lex,,2,80,2,24,1,8640,4,0.2563491862430907,0.2787545173573635,0.03973106396091326,0.21676029906167585,0.11614431980372455,0.0024281609999998906,a07f806
nasa-structure-v1,diamond,lex,,3,80,2,24,1,8640,4,0.2563491862430907,0.2787545173573635,0.03973106396091326,0.21676029906167585,0.11614431980372455,0.0018445370000000298,a07f806
nasa-structure-v1,diamond,lex,,4,80,2,24,1,8640,4,0.2706218218487783,0.3029137582446613,0.03904954735421255,0.24356283668899115,0.12653878758424422,0.0019092400000000486,a07f806
nasa-structure-v1,diamond,lex,,6,80,2,24,1,8640,4,0.2706218218487783,0.3029137582446613,0.03904954735421255,0.24356283668899115,0.12653878758424422,0.0018830470000000558,a07f806
nasa-structure-v1,diamond,znorm,0,,80,2,24,1,8640,4,0.26576730312218466,0.28412477752716775,0.03646214615917642,0.1770515881515402,0.11749829572147018,0.0017783049999999891,a07f806
nasa-structure-v1,diamond,znorm,1,,80,2,24,1,8640,4,0.2549163375579831,0.27651087151258147,0.037550851467040465,0.20205392512524237,0.1114945191466449,0.0015729489999999346,a07f806
nasa-structure-v1,diamond,znorm,2,,80,2,24,1,8640,4,0.25351439253693486,0.275566743330094,0.038721810693644866,0.213645280665508,0.11428769630871624,0.001569670999999922,a07f806
nasa-structure-v1,diamond,znorm,5,,80,2,24,1,8640,4,0.2600855074944896,0.285860947004082,0.039550029558115006,0.23045966645006197,0.1205900446420375,0.0015977009999999432,a07f806
nasa-structure-v1,diamond,znorm,10,,80,2,24,1,8640,4,0.2649882814960095,0.2936443394590089,0.03945238227006526,0.23717360492607026,0.12352474969790571,0.0015180619999999186,a07f806
nasa-structure-v1,diamond,znorm,25,,80,2,24,1,8640,4,0.268423182780086,0.29921134172178965,0.03914326581828947,0.24071322398456044,0.12570536336436597,0.0015489939999999236,a07f806
nasa-structure-v1,diamond,znorm,50,,80,2,24,1,8640,4,0.2693994969678861,0.30082270156482793,0.03904954715914536,0.24157341399514068,0.1263509293398155,0.001523143999999911,a07f806
nasa-structure-v1,cross,P,,,80,2,24,1,8640,5,0.26576730312218466,0.28412477752716775,0.03646214615917642,0.1770515881515402,0.11749829572147018,0.0012306469999999565,a07f806
nasa-structure-v1,cross,F,,,80,2,24,1,8640,5,0.2683418156867293,0.2995784234933238,0.03933502345095221,0.23704527441673587,0.12671733745045327,9.075099999999681e-05,a07f806
nasa-structure-v1,cross,F_legacy,,,80,2,24,1,8640,5,0.2883215152037759,0.33884473042911345,0.038548711770493405,0.2737003190278518,0.11911817151812105,0.00011580899999999464,a07f806
nasa-structure-v1,cross,T,0,,80,2,24,1,8640,5,0.26576730312218466,0.28412477752716775,0.03646214615917642,0.1770515881515402,0.11749829572147018,0.002529434999999812,a07f806
nasa-structure-v1,cross,T,1,,80,2,24,1,8640,5,0.2664336874167595,0.2935687143498691,0.03905129734297456,0.23235514188731451,0.12249153814049166,0.0021067050000000225,a07f806
nasa-structure-v1,cross,T,2,,80,2,24,1,8640,5,0.26714675817843664,0.29537873010740934,0.0390023915304233,0.23349549568323638,0.1244738558841509,0.0019864760000000868,a07f806
nasa-structure-v1,cross,T,5,,80,2,24,1,8640,5,0.26767311448696723,0.2975229683291604,0.03925921058030505,0.23477546304211147,0.12602987725465334,0.0019242570000000917,a07f806
nasa-structure-v1,cross,T,10,,80,2,24,1,8640,5,0.26791942310182737,0.2983421168675384,0.03922143124277192,0.23560669221406252,0.1264950306069138,0.001954846000000089,a07f806
nasa-structure-v1,cross,T,25,,80,2,24,1,8640,5,0.26820724209852403,0.2991107163939145,0.039230497669372255,0.23662700563997105,0.12658266921363373,0.001894153000000066,a07f806
nasa-structure-v1,cross,T,50,,80,2,24,1,8640,5,0.2682870075866376,0.2993483715497513,0.03922119060190673,0.2367654599150979,0.12666151975154102,0.0019909280000000792,a07f806
nasa-structure-v1,cross,lex,,2,80,2,24,1,8640,5,0.2720503863484652,0.3017595310113195,0.038946776906232654,0.23603639425704184,0.125032225266101,0.0022010179999999626,a07f806
nasa-structure-v1,cross,lex,,3,80,2,24,1,8640,5,0.2701093212304995,0.30044523798003686,0.03899752503830704,0.2383315801401373,0.12395666015128691,0.0018235270000000463,a07f806
nasa-structure-v1,cross,lex,,4,80,2,24,1,8640,5,0.26981343375630407,0.30029242861955463,0.03900092975739473,0.23848545828339335,0.12462493892748833,0.001825829000000051,a07f806
nasa-structure-v1,cross,lex,,6,80,2,24,1,8640,5,0.2683418156867293,0.2995784234933238,0.03933502345095221,0.23704527441673587,0.12671733745045327,0.0019398060000000968,a07f806
nasa-structure-v1,cross,znorm,0,,80,2,24,1,8640,5,0.26576730312218466,0.28412477752716775,0.03646214615917642,0.1770515881515402,0.11749829572147018,0.0017496630000000029,a07f806
nasa-structure-v1,cross,znorm,1,,80,2,24,1,8640,5,0.25772897873312,0.27863907569797197,0.03782784785630279,0.2079554015524701,0.11375922987097473,0.001622492999999962,a07f806
nasa-structure-v1,cross,znorm,2,,80,2,24,1,8640,5,0.2596715732927456,0.2821294438775856,0.03840684614755587,0.22111899520840592,0.1171827723859932,0.0015288389999999377,a07f806
nasa-structure-v1,cross,znorm,5,,80,2,24,1,8640,5,0.2657376979439606,0.29234523757995673,0.038978855806554955,0.2314416879617106,0.12188040294167224,0.001605314999999958,a07f806
nasa-structure-v1,cross,znorm,10,,80,2,24,1,8640,5,0.2672054044405117,0.29523294732412436,0.038980700112118086,0.23376039631697149,0.12394123852414067,0.0015120019999999264,a07f806
nasa-structure-v1,cross,znorm,25,,80,2,24,1,8640,5,0.26755243418374347,0.2971637385539719,0.0392301338302918,0.23463187501429436,0.12577888978405494,0.0015179829999999218,a07f806
nasa-structure-v1,cross,znorm,50,,80,2,24,1,8640,5,0.26780757260092775,0.2980456341425165,0.039254099597515496,0.23520932616636508,0.12644972069548988,0.0014974479999999206,a07f806
nasa-structure-v1,dots,P,,,80,2,24,1,8640,8,0.26576730312218466,0.28412477752716775,0.03646214615917642,0.1770515881515402,0.11749829572147018,0.002196393999999938,a07f806
nasa-structure-v1,dots,F,,,80,2,24,1,8640,8,0.2830150741226489,0.3498357882074585,0.008415221322326472,0.2935250018439176,0.08959698195298274,0.0001091269999999951,a07f806
nasa-structure-v1,dots,F_legacy,,,80,2,24,1,8640,8,0.2861219294104962,0.3467403818405392,0.03825005954097073,0.2807018239805007,0.12062022464983084,0.0001437389999999977,a07f806
nasa-structure-v1,dots,T,0,,80,2,24,1,8640,8,0.26576730312218466,0.28412477752716775,0.03646214615917642,0.1770515881515402,0.11749829572147018,0.00404532699999984,a07f806
nasa-structure-v1,dots,T,1,,80,2,24,1,8640,8,0.26836430430734703,0.307185182776958,0.040278551799558374,0.2448804250229647,0.12483517710942917,0.002743443999999665,a07f806
nasa-structure-v1,dots,T,2,,80,2,24,1,8640,8,0.27494922666930244,0.3230703379908474,0.03985921709009677,0.25919869034672066,0.1244102560005791,0.0025668509999997205,a07f806
nasa-structure-v1,dots,T,5,,80,2,24,1,8640,8,0.2802779962436449,0.34249183585556053,0.035656203942170984,0.2773927959500129,0.1178028898959745,0.002437649999999802,a07f806
nasa-structure-v1,dots,T,10,,80,2,24,1,8640,8,0.2811232713399071,0.3441266882844122,0.033745980400068994,0.28067840388845605,0.11542734636689726,0.00241295499999982,a07f806
nasa-structure-v1,dots,T,25,,80,2,24,1,8640,8,0.2827434111408852,0.34964647996100856,0.00852311620761544,0.29186537500862386,0.09082585404451302,0.002390628999999837,a07f806
nasa-structure-v1,dots,T,50,,80,2,24,1,8640,8,0.2829237085983872,0.3498303833592558,0.00840552523477611,0.29269651810511343,0.09017362542572699,0.002449458999999806,a07f806
nasa-structure-v1,dots,lex,,2,80,2,24,1,8640,8,0.25160150146091614,0.2748812132126117,0.04045906777031384,0.2153950750508887,0.11575521656929397,0.0031453569999995686,a07f806
nasa-structure-v1,dots,lex,,3,80,2,24,1,8640,8,0.2618304179017954,0.3116034760678543,0.012597482827691428,0.2609056590274162,0.09587008345770856,0.0021901659999999643,a07f806
nasa-structure-v1,dots,lex,,4,80,2,24,1,8640,8,0.26378539636584547,0.3165486033827359,0.011742927427174423,0.26616354922417784,0.09468735409835931,0.002189131999999969,a07f806
nasa-structure-v1,dots,lex,,6,80,2,24,1,8640,8,0.28001030039507263,0.34452352754135734,0.008414772637322206,0.2740795833706313,0.08919597688274473,0.002246542999999931,a07f806
nasa-structure-v1,dots,znorm,0,,80,2,24,1,8640,8,0.26576730312218466,0.28412477752716775,0.03646214615917642,0.1770515881515402,0.11749829572147018,0.002192419999999948,a07f806
nasa-structure-v1,dots,znorm,1,,80,2,24,1,8640,8,0.2496703897702332,0.2725278867105639,0.03844216294496671,0.20386715515221837,0.11162172295641361,0.001920581000000024,a07f806
nasa-structure-v1,dots,znorm,2,,80,2,24,1,8640,8,0.2503879546469418,0.273894849907013,0.039648878791247295,0.21488025501264546,0.11456821301237051,0.0017718379999999972,a07f806
nasa-structure-v1,dots,znorm,5,,80,2,24,1,8640,8,0.2653438815206916,0.3005100423868008,0.04001031353653401,0.23848861889042558,0.12468821132994076,0.0018893910000000512,a07f806
nasa-structure-v1,dots,znorm,10,,80,2,24,1,8640,8,0.27265378271150825,0.3169799243025469,0.03993918914953922,0.25298370085598787,0.12433043081950791,0.0018185610000000295,a07f806
nasa-structure-v1,dots,znorm,25,,80,2,24,1,8640,8,0.27965751284410645,0.3403678697985458,0.037331988420411716,0.27587248491310606,0.11963588959281542,0.0018239430000000206,a07f806
nasa-structure-v1,dots,znorm,50,,80,2,24,1,8640,8,0.28075784623910754,0.34346817982274,0.034528621910453694,0.2791455406492588,0.11673419868993257,0.0018146320000000137,a07f806
nasa-structure-v1,minimal,P,,,80,2,24,1,8640,10,0.26576730312218466,0.28412477752716775,0.03646214615917642,0.1770515881515402,0.11749829572147018,0.0023889519999999165,a07f806
nasa-structure-v1,minimal,F,,,80,2,24,1,8640,10,0.2740196233064571,0.327515339398443,0.0343227463669668,0.27126338008409323,0.11722500316762033,0.00011167299999999489,a07f806
nasa-structure-v1,minimal,F_legacy,,,80,2,24,1,8640,10,0.28740102738835527,0.34793344458287967,0.037541118571106445,0.2855747912329661,0.12303609024886888,0.00018317100000000042,a07f806
nasa-structure-v1,minimal,T,0,,80,2,24,1,8640,10,0.26576730312218466,0.28412477752716775,0.03646214615917642,0.1770515881515402,0.11749829572147018,0.004416826000000079,a07f806
nasa-structure-v1,minimal,T,1,,80,2,24,1,8640,10,0.2672596834352454,0.2999909049036634,0.04002096158931814,0.2441847817772092,0.12481471965284746,0.0030697459999997254,a07f806
nasa-structure-v1,minimal,T,2,,80,2,24,1,8640,10,0.2708231136131716,0.3121429962655397,0.04037979823330202,0.2581171985023917,0.1250745679898615,0.002892060999999686,a07f806
nasa-structure-v1,minimal,T,5,,80,2,24,1,8640,10,0.2739032413858602,0.3258917428235267,0.036948335689689,0.2703482507078374,0.11876596237578073,0.002705529999999709,a07f806
nasa-structure-v1,minimal,T,10,,80,2,24,1,8640,10,0.2740589622567573,0.32706852975158857,0.03546189785029528,0.2713228880955822,0.11739671519260753,0.0027292279999997122,a07f806
nasa-structure-v1,minimal,T,25,,80,2,24,1,8640,10,0.27407353579228655,0.32740070782322495,0.03488360881475532,0.2715279076089904,0.11723095937884352,0.0026243629999997396,a07f806
nasa-structure-v1,minimal,T,50,,80,2,24,1,8640,10,0.27407948876423943,0.327500400417766,0.03465166803749616,0.27157374476864826,0.11711000535424052,0.0027185579999997114,a07f806
nasa-structure-v1,minimal,lex,,2,80,2,24,1,8640,10,0.251706152877535,0.27472248304049335,0.03969899506954225,0.22162488002788047,0.11662121141073083,0.0033720209999996927,a07f806
nasa-structure-v1,minimal,lex,,3,80,2,24,1,8640,10,0.26474402540147424,0.3133619104776747,0.03601358389621162,0.2620168808272777,0.11687575499682609,0.002648408999999793,a07f806
nasa-structure-v1,minimal,lex,,4,80,2,24,1,8640,10,0.2744781600113925,0.32732866411292394,0.03444756259509475,0.2716032425559335,0.11808086028554939,0.002443796999999826,a07f806
nasa-structure-v1,minimal,lex,,6,80,2,24,1,8640,10,0.27501412745723647,0.3275069162249136,0.03455560727052512,0.27275553344289655,0.11809167289530544,0.0024498979999998264,a07f806
nasa-structure-v1,minimal,znorm,0,,80,2,24,1,8640,10,0.26576730312218466,0.28412477752716775,0.03646214615917642,0.1770515881515402,0.11749829572147018,0.0022994859999999353,a07f806
nasa-structure-v1,minimal,znorm,1,,80,2,24,1,8640,10,0.2543162303533173,0.27622476450494154,0.03764619010622073,0.20727481310377466,0.11162703620798888,0.0020897250000000444,a07f806
nasa-structure-v1,minimal,znorm,2,,80,2,24,1,8640,10,0.25579334813049115,0.2791360383629621,0.03874565354988767,0.22454661338420961,0.11616143331491871,0.002014438000000067,a07f806
nasa-structure-v1,minimal,znorm,5,,80,2,24,1,8640,10,0.2654162542275195,0.29555255478360537,0.03947267291492668,0.2392152743013586,0.12299350108890386,0.00207673000000005,a07f806
nasa-structure-v1,minimal,znorm,10,,80,2,24,1,8640,10,0.2692726662921246,0.3061372554102433,0.04025872769944448,0.2515653011265913,0.1253560562521182,0.0020137980000000675,a07f806
nasa-structure-v1,minimal,znorm,25,,80,2,24,1,8640,10,0.27327328910929155,0.3229745009238073,0.03878434621130627,0.2684024036272514,0.12111789250625452,0.002016221000000062,a07f806
nasa-structure-v1,minimal,znorm,50,,80,2,24,1,8640,10,0.27402033150304644,0.32667981954475467,0.035953089636027426,0.2709983721522715,0.11778961266276065,0.002007606000000067,a07f806
nasa-structure-v1,lines,P,,,80,2,24,1,8640,12,0.31377495376998354,0.39466604791348986,0.0038213883013065064,0.29978702583999106,0.08299111892930378,0.0025287139999998973,a07f806
nasa-structure-v1,lines,F,,,80,2,24,1,8640,12,0.26977538722703165,0.30690647598033477,0.03977929456456395,0.2464251898344557,0.12606962850035852,0.0001243259999999943,a07f806
nasa-structure-v1,lines,F_legacy,,,80,2,24,1,8640,12,0.28774057302224837,0.341670787124144,0.0383692539629888,0.2705023119050295,0.1339200835781928,0.00018955900000000217,a07f806
nasa-structure-v1,lines,T,0,,80,2,24,1,8640,12,0.31377495376998354,0.39466604791348986,0.0038213883013065064,0.29978702583999106,0.08299111892930378,0.005258997000000067,a07f806
nasa-structure-v1,lines,T,1,,80,2,24,1,8640,12,0.2772941704949517,0.31212787645821094,0.03954507104936824,0.2275689509494117,0.12633583293860512,0.003467850999999862,a07f806
nasa-structure-v1,lines,T,2,,80,2,24,1,8640,12,0.273651392118323,0.3061674327672678,0.03897730848939897,0.22685516262019004,0.1268153485563643,0.0031789449999997162,a07f806
nasa-structure-v1,lines,T,5,,80,2,24,1,8640,12,0.2700195647119893,0.30432886894000305,0.03954338975087986,0.23687394564663297,0.1270051246079104,0.0030229039999996863,a07f806
nasa-structure-v1,lines,T,10,,80,2,24,1,8640,12,0.26962728539693076,0.30495103714354477,0.03936651293019603,0.23925753606654135,0.1267814848754794,0.0030229249999996666,a07f806
nasa-structure-v1,lines,T,25,,80,2,24,1,8640,12,0.2698260063808309,0.30609701838492737,0.039397601555858454,0.24165075275014627,0.12682780712888037,0.002889342999999679,a07f806
nasa-structure-v1,lines,T,50,,80,2,24,1,8640,12,0.2698170904443766,0.30659630778446734,0.039673010711337255,0.24364157872506687,0.1268257273855978,0.0028793419999996782,a07f806
nasa-structure-v1,lines,lex,,2,80,2,24,1,8640,12,0.3036523269098221,0.3782764692345254,0.004780003370750992,0.2830240696048109,0.08763637476258353,0.003625991999999694,a07f806
nasa-structure-v1,lines,lex,,3,80,2,24,1,8640,12,0.3035809420762826,0.37822430961604087,0.004857324726086387,0.28302862015737895,0.08761825055650554,0.00305512599999969,a07f806
nasa-structure-v1,lines,lex,,4,80,2,24,1,8640,12,0.2710031709785006,0.2998702150984086,0.039276074981232145,0.22013568564187272,0.12568252178137526,0.0026822839999997307,a07f806
nasa-structure-v1,lines,lex,,6,80,2,24,1,8640,12,0.2703297570147622,0.3073583387212209,0.039474105779936826,0.24329009913372493,0.12678340321964224,0.0027432559999997124,a07f806
nasa-structure-v1,lines,znorm,0,,80,2,24,1,8640,12,0.31377495376998354,0.39466604791348986,0.0038213883013065064,0.29978702583999106,0.08299111892930378,0.0024703079999998314,a07f806
nasa-structure-v1,lines,znorm,1,,80,2,24,1,8640,12,0.28431628236704165,0.3281065048532458,0.03945872023696053,0.2418988420975853,0.12539710230279533,0.0021819869999999877,a07f806
nasa-structure-v1,lines,znorm,2,,80,2,24,1,8640,12,0.2766805656975367,0.31082970310292923,0.0394661982324554,0.22669575144188692,0.12634176493224414,0.002150830000000007,a07f806
nasa-structure-v1,lines,znorm,5,,80,2,24,1,8640,12,0.2716392967570792,0.30453380077248643,0.03954825865228389,0.23097265214431953,0.12729190482359187,0.0021525890000000103,a07f806
nasa-structure-v1,lines,znorm,10,,80,2,24,1,8640,12,0.26993654686969953,0.3044500018142964,0.03936286174598062,0.23743511735492065,0.12695827609848398,0.0020723330000000455,a07f806
nasa-structure-v1,lines,znorm,25,,80,2,24,1,8640,12,0.2696454439271316,0.3052539254705954,0.03934688953096373,0.2398312169480204,0.12680942342936366,0.0020625640000000575,a07f806
nasa-structure-v1,lines,znorm,50,,80,2,24,1,8640,12,0.2698930342697804,0.30634175937095504,0.039451437272547164,0.242098402641041,0.12687372493459517,0.00206750500000004,a07f806
nasa-structure-v1,mixed,P,,,80,2,24,1,8640,12,0.30491136237854605,0.3792077531797992,0.0048150337322695165,0.2809430818072852,0.08926003919304563,0.003036942999999641,a07f806
nasa-structure-v1,mixed,F,,,80,2,24,1,8640,12,0.2876232263049909,0.3616959828309816,0.006222636818901448,0.2989021699343987,0.09006976083922057,0.00012358299999999425,a07f806
nasa-structure-v1,mixed,F_legacy,,,80,2,24,1,8640,12,0.280540594931049,0.342119116938587,0.03860807467075973,0.27905661796404824,0.1201639066098745,0.00019779600000000323,a07f806
nasa-structure-v1,mixed,T,0,,80,2,24,1,8640,12,0.30491136237854605,0.3792077531797992,0.0048150337322695165,0.2809430818072852,0.08926003919304563,0.005493734999999997,a07f806
nasa-structure-v1,mixed,T,1,,80,2,24,1,8640,12,0.29406632676237865,0.37135196525553305,0.005340836195573692,0.2829583106540813,0.08445128781840201,0.0038215239999999833,a07f806
nasa-structure-v1,mixed,T,2,,80,2,24,1,8640,12,0.2922226074257138,0.3696732659788016,0.0058533859771636625,0.2850611571131752,0.08297265092841502,0.0035039749999997917,a07f806
nasa-structure-v1,mixed,T,5,,80,2,24,1,8640,12,0.28953868910167924,0.36160521304595694,0.03294959566236889,0.28160374999353643,0.10829778383663614,0.003346002999999747,a07f806
nasa-structure-v1,mixed,T,10,,80,2,24,1,8640,12,0.2896689339160485,0.36188168573218654,0.03177902822586092,0.28553915245964767,0.1092979313943459,0.0034017869999997574,a07f806
nasa-structure-v1,mixed,T,25,,80,2,24,1,8640,12,0.28840721664536817,0.3626570471252708,0.007100582333035803,0.29586372198326216,0.09009915566386345,0.0033085049999996828,a07f806
nasa-structure-v1,mixed,T,50,,80,2,24,1,8640,12,0.28801672310334797,0.36205327893234895,0.006876468621125087,0.2972786041031542,0.09070228135823524,0.0032577579999997046,a07f806
nasa-structure-v1,mixed,lex,,2,80,2,24,1,8640,12,0.2987543103455635,0.3618906451835411,0.03542560131114722,0.26454785209879966,0.11914977612869954,0.0037505349999996294,a07f806
nasa-structure-v1,mixed,lex,,3,80,2,24,1,8640,12,0.2854059921305321,0.351685455671664,0.03714832963263304,0.2681091211078752,0.1131153081380319,0.003108220999999605,a07f806
nasa-structure-v1,mixed,lex,,4,80,2,24,1,8640,12,0.28116719287616526,0.3490979255805794,0.009348424567041299,0.2716521992518918,0.08961846625285537,0.0027009669999996998,a07f806
nasa-structure-v1,mixed,lex,,6,80,2,24,1,8640,12,0.2810424066655058,0.3504411052939154,0.008463309806596705,0.2695314236474479,0.08483691302455265,0.0028044689999996847,a07f806
nasa-structure-v1,mixed,znorm,0,,80,2,24,1,8640,12,0.30491136237854605,0.3792077531797992,0.0048150337322695165,0.2809430818072852,0.08926003919304563,0.0025071019999997717,a07f806
nasa-structure-v1,mixed,znorm,1,,80,2,24,1,8640,12,0.3033305970921786,0.37817241550099445,0.004865146153971557,0.2811723774421465,0.088662959080985,0.0022323989999999475,a07f806
nasa-structure-v1,mixed,znorm,2,,80,2,24,1,8640,12,0.29566912690748043,0.37269738274986675,0.005148089420761595,0.28246241966744656,0.08529609826837353,0.002237773999999948,a07f806
nasa-structure-v1,mixed,znorm,5,,80,2,24,1,8640,12,0.29242526733191904,0.36987571038194894,0.005728583050576588,0.2841693457761432,0.08343014349993512,0.0022414459999999456,a07f806
nasa-structure-v1,mixed,znorm,10,,80,2,24,1,8640,12,0.28906054636319634,0.3609054001761936,0.03176612652191295,0.27824447264569135,0.10799794692733065,0.0021976709999999753,a07f806
nasa-structure-v1,mixed,znorm,25,,80,2,24,1,8640,12,0.29003507486289826,0.3625718019576983,0.031796335533185685,0.2853079170459384,0.10877446434425772,0.002210884999999967,a07f806
nasa-structure-v1,mixed,znorm,50,,80,2,24,1,8640,12,0.2890788242059843,0.3637823523902341,0.007406383174861099,0.2947475717982439,0.08897432043332693,0.0022036469999999675,a07f806
nasa-structure-v1,standard,P,,,80,2,24,1,8640,95,0.2683443816951385,0.30562325641367755,0.04140749597179397,0.2492063119598904,0.12404573062536534,0.01973130199999991,a07f806
nasa-structure-v1,standard,F,,,80,2,24,1,8640,95,0.275731634763191,0.3328405851955365,0.009937205986519116,0.28282870881581906,0.09494257735295485,0.0009803890000000862,a07f806
nasa-structure-v1,standard,F_legacy,,,80,2,24,1,8640,95,0.2880689537592698,0.34962988095137193,0.037416974317572065,0.28752314054929556,0.11938342152053762,0.0013935369999999768,a07f806
nasa-structure-v1,standard,T,0,,80,2,24,1,8640,95,0.26559920186644365,0.28400404533189855,0.03657616606935937,0.1779711419395239,0.11766271174451653,0.07554842100000005,a07f806
nasa-structure-v1,standard,T,1,,80,2,24,1,8640,95,0.2671456033497923,0.30241494157955195,0.04086254784796642,0.2420344395993229,0.12280628206922381,0.03174263600000005,a07f806
nasa-structure-v1,standard,T,2,,80,2,24,1,8640,95,0.26927932907909596,0.3107497206459819,0.041545709408778934,0.2533094084275479,0.12353357033879357,0.026165091999999945,a07f806
nasa-structure-v1,standard,T,5,,80,2,24,1,8640,95,0.27211121783602105,0.3239233508741442,0.037895510158662236,0.26598632265955174,0.11794624145613104,0.021838725999999663,a07f806
nasa-structure-v1,standard,T,10,,80,2,24,1,8640,95,0.2726529811500563,0.32555748032186727,0.03637775059366317,0.26807145698572293,0.11571635458274503,0.0197546859999997,a07f806
nasa-structure-v1,standard,T,25,,80,2,24,1,8640,95,0.27351453772777823,0.32692418837280673,0.03458354254919329,0.2712355000705255,0.11464741623226696,0.018516382999999838,a07f806
nasa-structure-v1,standard,T,50,,80,2,24,1,8640,95,0.2738686603852423,0.3274500342397631,0.033332010565746896,0.27315480442174306,0.11359555359398825,0.01776702899999989,a07f806
nasa-structure-v1,standard,K,,12,80,2,24,1,8640,95,0.2683443816951385,0.30562325641367755,0.04140749597179397,0.2492063119598904,0.12404573062536534,0.006133203000000157,a07f806
nasa-structure-v1,standard,K,,18,80,2,24,1,8640,95,0.2677823810490317,0.30327243916545354,0.04121019284779716,0.24427040525744237,0.12295163395085483,0.006022564000000176,a07f806
nasa-structure-v1,standard,K,,24,80,2,24,1,8640,95,0.26542276427495504,0.29914026652386627,0.04141754280103258,0.240388180418511,0.12313660199246215,0.006328732000000162,a07f806
nasa-structure-v1,standard,K,,36,80,2,24,1,8640,95,0.2623952609373648,0.2917139298771337,0.04125739298177667,0.2326905473522985,0.12270514656637758,0.007131768000000089,a07f806
nasa-structure-v1,standard,K,,48,80,2,24,1,8640,95,0.25948121103447563,0.28624702912616323,0.04049448380545913,0.22770959903043828,0.12126692921814919,0.007651418999999955,a07f806
nasa-structure-v1,standard,K,,64,80,2,24,1,8640,95,0.2573482041750478,0.2824154429633054,0.03977888422764419,0.2243127389936871,0.11922114435496702,0.009057272999999878,a07f806
nasa-structure-v1,standard,K,,95,80,2,24,1,8640,95,0.26559920186644365,0.28400404533189855,0.03657616606935937,0.1779711419395239,0.11766271174451653,0.01051613199999992,a07f806
nasa-structure-v1,standard,lex,,2,80,2,24,1,8640,95,0.27465330876269384,0.31277346898056463,0.040202178642045984,0.24329900096759352,0.12860647195339311,0.02927899799999997,a07f806
nasa-structure-v1,standard,lex,,3,80,2,24,1,8640,95,0.27080722039464267,0.3098972936889873,0.041511249119631506,0.2501095938883574,0.12281009477586614,0.02288609399999969,a07f806
nasa-structure-v1,standard,lex,,4,80,2,24,1,8640,95,0.270599495884265,0.30984713471253966,0.04156581852866905,0.25045565478047677,0.1225807793430852,0.020713213999999723,a07f806
nasa-structure-v1,standard,lex,,6,80,2,24,1,8640,95,0.26944600502507243,0.3091328789243469,0.04158929840012099,0.25091618349387,0.12225489248913511,0.02077464699999978,a07f806
nasa-structure-v1,standard,znorm,0,,80,2,24,1,8640,95,0.26559920186644365,0.28400404533189855,0.03657616606935937,0.1779711419395239,0.11766271174451653,0.010464130999999946,a07f806
nasa-structure-v1,standard,znorm,1,,80,2,24,1,8640,95,0.2599980017704416,0.2861832042119654,0.03963724254897222,0.22282278986286322,0.12257988400575165,0.009716255999999862,a07f806
nasa-structure-v1,standard,znorm,2,,80,2,24,1,8640,95,0.2638063933375438,0.294311483537308,0.04021204996782488,0.23176327368947988,0.12251664315260595,0.009594823999999873,a07f806
nasa-structure-v1,standard,znorm,5,,80,2,24,1,8640,95,0.2669142733604939,0.30185541654852444,0.04081289537901219,0.2415031991702648,0.12271372903860472,0.009821766999999962,a07f806
nasa-structure-v1,standard,znorm,10,,80,2,24,1,8640,95,0.26881850001279395,0.30886717246020995,0.041466874813064304,0.25093397047548194,0.12358925704630068,0.009895133999999927,a07f806
nasa-structure-v1,standard,znorm,25,,80,2,24,1,8640,95,0.272005378054372,0.3234856299245739,0.03813927338750181,0.26544106612512947,0.11850715882043103,0.00983812099999986,a07f806
nasa-structure-v1,standard,znorm,50,,80,2,24,1,8640,95,0.2725509591181855,0.3253719932441294,0.036540836864638965,0.2676717849958467,0.11584287905777213,0.00974749899999983,a07f806
nasa-structure-v1,braille,P,,,80,2,24,1,8640,256,0.2709795904053977,0.3155430111832505,0.03934368166121092,0.2750044876662402,0.12511252686636753,0.0297084829999998,a07f806
nasa-structure-v1,braille,F,,,80,2,24,1,8640,256,0.2692761465019189,0.314984482991144,0.012800290932263121,0.2737293288895646,0.10669356918210346,0.002542897999999765,a07f806
nasa-structure-v1,braille,F_legacy,,,80,2,24,1,8640,256,0.28303933784445034,0.3416499082574302,0.035791032553013365,0.297333113725403,0.12013653989900264,0.002580630999999754,a07f806
nasa-structure-v1,braille,T,0,,80,2,24,1,8640,256,0.29226445552971886,0.3594442805499265,0.00444477077907774,0.3137045733135419,0.08027215793916563,0.15497541799999978,a07f806
nasa-structure-v1,braille,T,1,,80,2,24,1,8640,256,0.27197981970820495,0.3191512529103741,0.03707812365021236,0.2801415381128959,0.12772560000086772,0.13971214500000026,a07f806
nasa-structure-v1,braille,T,2,,80,2,24,1,8640,256,0.27122021668666163,0.3174398461188841,0.038369447995811136,0.2790659442040362,0.12801861146804572,0.11288565900000065,a07f806
nasa-structure-v1,braille,T,5,,80,2,24,1,8640,256,0.2706902475591536,0.31625986726301075,0.03899388135914529,0.27819832282613377,0.12826644030137613,0.1055880680000005,a07f806
nasa-structure-v1,braille,T,10,,80,2,24,1,8640,256,0.2700235117105346,0.3149416684097911,0.03850828334166615,0.2768407406153926,0.13028991855729982,0.09854983700000045,a07f806
nasa-structure-v1,braille,T,25,,80,2,24,1,8640,256,0.2690655297588677,0.3123898064045895,0.0379451072628678,0.27350770251490925,0.13299452766665706,0.09341079200000027,a07f806
nasa-structure-v1,braille,T,50,,80,2,24,1,8640,256,0.26878521560001206,0.31171091059773326,0.037068258296680846,0.27268334832650204,0.13304196479245659,0.0943473410000004,a07f806
nasa-structure-v1,braille,K,,12,80,2,24,1,8640,256,0.2709795904053977,0.3155430111832505,0.03934368166121092,0.2750044876662402,0.12511252686636753,0.015492073999999776,a07f806
nasa-structure-v1,braille,K,,18,80,2,24,1,8640,256,0.2708323785864509,0.31533932715213736,0.039770770739475596,0.2755190872532562,0.1269214484464444,0.014682941999999715,a07f806
nasa-structure-v1,braille,K,,24,80,2,24,1,8640,256,0.2708939402224109,0.3155706346685621,0.03954263129139132,0.27551376826239243,0.12742766499311758,0.014931759999999877,a07f806
nasa-structure-v1,braille,K,,36,80,2,24,1,8640,256,0.2738554880988913,0.3253112502356045,0.010549281525143046,0.28927078601525913,0.10419393118125024,0.0156817169999998,a07f806
nasa-structure-v1,braille,K,,48,80,2,24,1,8640,256,0.278792174281865,0.3353240092396959,0.008528446197915132,0.2982036134379553,0.0904077833543555,0.01637101199999996,a07f806
nasa-structure-v1,braille,K,,64,80,2,24,1,8640,256,0.2787567007434752,0.33537748834435555,0.0087900181231601,0.29857453597715233,0.09047968234621591,0.017359502000000353,a07f806
nasa-structure-v1,braille,K,,128,80,2,24,1,8640,256,0.2851814260447382,0.34768981272711175,0.0075954053096007335,0.3080402732461839,0.08479940362924923,0.02130684799999937,a07f806
nasa-structure-v1,braille,K,,256,80,2,24,1,8640,256,0.29226445552971886,0.3594442805499265,0.00444477077907774,0.3137045733135419,0.08027215793916563,0.029331613000000093,a07f806
nasa-structure-v1,braille,lex,,2,80,2,24,1,8640,256,0.292148427427997,0.3600898550871506,0.005906367312643455,0.31602745082946626,0.08153337309610834,0.08567178400000014,a07f806
nasa-structure-v1,braille,lex,,3,80,2,24,1,8640,256,0.2856679798029046,0.34816500447000154,0.006904473875452187,0.3081381140504891,0.0870653599026611,0.05449800900000043,a07f806
nasa-structure-v1,braille,lex,,4,80,2,24,1,8640,256,0.28545608792875776,0.3478377530127062,0.00731172340265034,0.30773648058191433,0.08702834350666842,0.04851930199999978,a07f806
nasa-structure-v1,braille,lex,,6,80,2,24,1,8640,256,0.2851560813924006,0.34753870891927136,0.008352562908416943,0.3069393681121068,0.08511291974296081,0.050734243999998964,a07f806
nasa-structure-v1,braille,znorm,0,,80,2,24,1,8640,256,0.29226445552971886,0.3594442805499265,0.00444477077907774,0.3137045733135419,0.08027215793916563,0.02542438999999956,a07f806
nasa-structure-v1,braille,znorm,1,,80,2,24,1,8640,256,0.2720310924167107,0.3192174006794111,0.03712799991155506,0.2801459616130225,0.12779221594424847,0.02380495199999952,a07f806
nasa-structure-v1,braille,znorm,2,,80,2,24,1,8640,256,0.2712646962456862,0.31754296233724416,0.03830863637848354,0.2791558470025997,0.12801580449470062,0.02364869699999932,a07f806
nasa-structure-v1,braille,znorm,5,,80,2,24,1,8640,256,0.27069896072829464,0.3162742908000663,0.038982610591761356,0.27819988959927816,0.12827445427897927,0.023631856999999337,a07f806
nasa-structure-v1,braille,znorm,10,,80,2,24,1,8640,256,0.2701492269177988,0.31529387903120465,0.038408401350846964,0.2773073012624258,0.12976928187358772,0.02335152599999931,a07f806
nasa-structure-v1,braille,znorm,25,,80,2,24,1,8640,256,0.269083908512122,0.3124398733050154,0.03792432034236363,0.2735723347662008,0.13295382325948837,0.023205608999999537,a07f806
nasa-structure-v1,braille,znorm,50,,80,2,24,1,8640,256,0.26880607493302816,0.31177058599644836,0.03706178802848959,0.27277370463147166,0.1329936262137282,0.023095221999999516,a07f806
