pass,order,width,height,cells_per_batch,batches,field,arm,wall_ns,cpu_seconds,checksum
1,1,2,3,1,24000,mixed,scalar,5057211,0.005039,818710694737
1,2,2,3,1,24000,mixed,prepared,6449916,0.006451,818710694737
2,1,2,3,1,24000,mixed,prepared,6458979,0.006419,818710694737
2,2,2,3,1,24000,mixed,scalar,4553991,0.00455,818710694737
3,1,2,3,1,24000,mixed,scalar,4394669,0.004397,818710694737
3,2,2,3,1,24000,mixed,prepared,6115731,0.00611,818710694737
4,1,2,3,1,24000,mixed,prepared,6105616,0.006106,818710694737
4,2,2,3,1,24000,mixed,scalar,4524607,0.004522,818710694737
5,1,2,3,1,24000,mixed,scalar,4529815,0.004528,818710694737
5,2,2,3,1,24000,mixed,prepared,5973124,0.005974,818710694737
1,1,2,3,1,24000,zero,scalar,2581961,0.002578,0
1,2,2,3,1,24000,zero,prepared,6824511,0.006826,0
2,1,2,3,1,24000,zero,prepared,6987037,0.006988,0
2,2,2,3,1,24000,zero,scalar,2855865,0.002856,0
3,1,2,3,1,24000,zero,scalar,2627110,0.002627,0
3,2,2,3,1,24000,zero,prepared,5599891,0.005601,0
4,1,2,3,1,24000,zero,prepared,5838872,0.005839,0
4,2,2,3,1,24000,zero,scalar,2753721,0.002755,0
5,1,2,3,1,24000,zero,scalar,2665928,0.002667,0
5,2,2,3,1,24000,zero,prepared,5707533,0.005696,0
1,1,2,3,32,750,mixed,scalar,4695885,0.004697,789672326983
1,2,2,3,32,750,mixed,prepared,3073924,0.003075,789672326983
2,1,2,3,32,750,mixed,prepared,3035276,0.003037,789672326983
2,2,2,3,32,750,mixed,scalar,4599279,0.0046,789672326983
3,1,2,3,32,750,mixed,scalar,4590746,0.004591,789672326983
3,2,2,3,32,750,mixed,prepared,3035096,0.003036,789672326983
4,1,2,3,32,750,mixed,prepared,3021546,0.003022,789672326983
4,2,2,3,32,750,mixed,scalar,4751309,0.004752,789672326983
5,1,2,3,32,750,mixed,scalar,4560721,0.004562,789672326983
5,2,2,3,32,750,mixed,prepared,3003869,0.003004,789672326983
1,1,2,3,32,750,zero,scalar,2673660,0.002674,0
1,2,2,3,32,750,zero,prepared,2668392,0.002669,0
2,1,2,3,32,750,zero,prepared,2553798,0.002554,0
2,2,2,3,32,750,zero,scalar,2997088,0.002999,0
3,1,2,3,32,750,zero,scalar,2714051,0.002715,0
3,2,2,3,32,750,zero,prepared,2948475,0.00295,0
4,1,2,3,32,750,zero,prepared,2620370,0.002622,0
4,2,2,3,32,750,zero,scalar,2760981,0.002762,0
5,1,2,3,32,750,zero,scalar,2796575,0.002798,0
5,2,2,3,32,750,zero,prepared,2800031,0.002791,0
1,1,2,3,2400,10,mixed,scalar,4995548,0.004997,812620703261
1,2,2,3,2400,10,mixed,prepared,3043840,0.003044,812620703261
2,1,2,3,2400,10,mixed,prepared,2884528,0.002886,812620703261
2,2,2,3,2400,10,mixed,scalar,4362701,0.004364,812620703261
3,1,2,3,2400,10,mixed,scalar,4700733,0.004701,812620703261
3,2,2,3,2400,10,mixed,prepared,2877347,0.002879,812620703261
4,1,2,3,2400,10,mixed,prepared,2916807,0.002918,812620703261
4,2,2,3,2400,10,mixed,scalar,4680021,0.004681,812620703261
5,1,2,3,2400,10,mixed,scalar,4455192,0.004455,812620703261
5,2,2,3,2400,10,mixed,prepared,2879561,0.00288,812620703261
1,1,2,3,2400,10,zero,scalar,2836626,0.002838,0
1,2,2,3,2400,10,zero,prepared,2510413,0.00251,0
2,1,2,3,2400,10,zero,prepared,2469170,0.00247,0
2,2,2,3,2400,10,zero,scalar,2539437,0.00254,0
3,1,2,3,2400,10,zero,scalar,2567900,0.002569,0
3,2,2,3,2400,10,zero,prepared,2638727,0.002639,0
4,1,2,3,2400,10,zero,prepared,2465596,0.002466,0
4,2,2,3,2400,10,zero,scalar,3129478,0.00313,0
5,1,2,3,2400,10,zero,scalar,2736956,0.002737,0
5,2,2,3,2400,10,zero,prepared,2704176,0.002704,0
1,1,3,3,1,24000,mixed,scalar,6082821,0.006084,1673539895026
1,2,3,3,1,24000,mixed,prepared,7509186,0.00751,1673539895026
2,1,3,3,1,24000,mixed,prepared,7786755,0.007788,1673539895026
2,2,3,3,1,24000,mixed,scalar,6194319,0.006195,1673539895026
3,1,3,3,1,24000,mixed,scalar,5932644,0.005934,1673539895026
3,2,3,3,1,24000,mixed,prepared,8033598,0.008035,1673539895026
4,1,3,3,1,24000,mixed,prepared,7240670,0.007242,1673539895026
4,2,3,3,1,24000,mixed,scalar,5618289,0.005619,1673539895026
5,1,3,3,1,24000,mixed,scalar,5597127,0.005597,1673539895026
5,2,3,3,1,24000,mixed,prepared,12616563,0.012618,1673539895026
1,1,3,3,1,24000,zero,scalar,2618316,0.002619,0
1,2,3,3,1,24000,zero,prepared,6856119,0.006856,0
2,1,3,3,1,24000,zero,prepared,7054549,0.007055,0
2,2,3,3,1,24000,zero,scalar,2768533,0.002769,0
3,1,3,3,1,24000,zero,scalar,2581430,0.002582,0
3,2,3,3,1,24000,zero,prepared,7083913,0.007085,0
4,1,3,3,1,24000,zero,prepared,7219529,0.00722,0
4,2,3,3,1,24000,zero,scalar,2694921,0.002697,0
5,1,3,3,1,24000,zero,scalar,2621951,0.002622,0
5,2,3,3,1,24000,zero,prepared,7284497,0.007286,0
1,1,3,3,32,750,mixed,scalar,5683267,0.005684,1683537532881
1,2,3,3,32,750,mixed,prepared,3159374,0.00316,1683537532881
2,1,3,3,32,750,mixed,prepared,3073705,0.003075,1683537532881
2,2,3,3,32,750,mixed,scalar,5753142,0.005754,1683537532881
3,1,3,3,32,750,mixed,scalar,5984933,0.005986,1683537532881
3,2,3,3,32,750,mixed,prepared,3163048,0.003164,1683537532881
4,1,3,3,32,750,mixed,prepared,3052221,0.003053,1683537532881
4,2,3,3,32,750,mixed,scalar,5647734,0.005648,1683537532881
5,1,3,3,32,750,mixed,scalar,5682326,0.005683,1683537532881
5,2,3,3,32,750,mixed,prepared,3221858,0.003223,1683537532881
1,1,3,3,32,750,zero,scalar,2679138,0.00268,0
1,2,3,3,32,750,zero,prepared,2684596,0.002685,0
2,1,3,3,32,750,zero,prepared,2636584,0.002637,0
2,2,3,3,32,750,zero,scalar,2566978,0.002568,0
3,1,3,3,32,750,zero,scalar,2577895,0.002578,0
3,2,3,3,32,750,zero,prepared,2962026,0.002963,0
4,1,3,3,32,750,zero,prepared,2911199,0.002912,0
4,2,3,3,32,750,zero,scalar,4383493,0.004385,0
5,1,3,3,32,750,zero,scalar,3126454,0.003127,0
5,2,3,3,32,750,zero,prepared,2639489,0.00264,0
1,1,3,3,2400,10,mixed,scalar,6149021,0.006151,1673964854790
1,2,3,3,2400,10,mixed,prepared,3158331,0.003159,1673964854790
2,1,3,3,2400,10,mixed,prepared,2866992,0.002868,1673964854790
2,2,3,3,2400,10,mixed,scalar,5888678,0.00589,1673964854790
3,1,3,3,2400,10,mixed,scalar,6184194,0.006185,1673964854790
3,2,3,3,2400,10,mixed,prepared,2905780,0.002906,1673964854790
4,1,3,3,2400,10,mixed,prepared,2879771,0.002881,1673964854790
4,2,3,3,2400,10,mixed,scalar,5681715,0.005683,1673964854790
5,1,3,3,2400,10,mixed,scalar,6447312,0.006448,1673964854790
5,2,3,3,2400,10,mixed,prepared,2957339,0.002958,1673964854790
1,1,3,3,2400,10,zero,scalar,2721602,0.002723,0
1,2,3,3,2400,10,zero,prepared,2434979,0.002436,0
2,1,3,3,2400,10,zero,prepared,2507579,0.002508,0
2,2,3,3,2400,10,zero,scalar,2720911,0.002721,0
3,1,3,3,2400,10,zero,scalar,2842725,0.002844,0
3,2,3,3,2400,10,zero,prepared,2568882,0.002569,0
4,1,3,3,2400,10,zero,prepared,2486056,0.002487,0
4,2,3,3,2400,10,zero,scalar,2668713,0.002669,0
5,1,3,3,2400,10,zero,scalar,2617765,0.002618,0
5,2,3,3,2400,10,zero,prepared,2505826,0.002506,0
1,1,8,12,1,24000,mixed,scalar,29066677,0.029069,11130532189127
1,2,8,12,1,24000,mixed,prepared,34433417,0.034436,11130532189127
2,1,8,12,1,24000,mixed,prepared,32495398,0.032499,11130532189127
2,2,8,12,1,24000,mixed,scalar,28343325,0.028345,11130532189127
3,1,8,12,1,24000,mixed,scalar,28301191,0.028303,11130532189127
3,2,8,12,1,24000,mixed,prepared,30315735,0.030317,11130532189127
4,1,8,12,1,24000,mixed,prepared,32099249,0.032101,11130532189127
4,2,8,12,1,24000,mixed,scalar,26053244,0.026053,11130532189127
5,1,8,12,1,24000,mixed,scalar,25738459,0.02574,11130532189127
5,2,8,12,1,24000,mixed,prepared,29558681,0.02956,11130532189127
1,1,8,12,1,24000,zero,scalar,3836207,0.003837,0
1,2,8,12,1,24000,zero,prepared,28726103,0.028727,0
2,1,8,12,1,24000,zero,prepared,28783089,0.028784,0
2,2,8,12,1,24000,zero,scalar,3837258,0.003838,0
3,1,8,12,1,24000,zero,scalar,4206566,0.004208,0
3,2,8,12,1,24000,zero,prepared,29741057,0.029742,0
4,1,8,12,1,24000,zero,prepared,29243796,0.029245,0
4,2,8,12,1,24000,zero,scalar,5158364,0.005159,0
5,1,8,12,1,24000,zero,scalar,5355481,0.005357,0
5,2,8,12,1,24000,zero,prepared,29100399,0.029086,0
1,1,8,12,32,750,mixed,scalar,26556435,0.026558,11119241639470
1,2,8,12,32,750,mixed,prepared,4672270,0.004658,11119241639470
2,1,8,12,32,750,mixed,prepared,4761505,0.004762,11119241639470
2,2,8,12,32,750,mixed,scalar,26073446,0.026074,11119241639470
3,1,8,12,32,750,mixed,scalar,26424916,0.026427,11119241639470
3,2,8,12,32,750,mixed,prepared,4568142,0.004569,11119241639470
4,1,8,12,32,750,mixed,prepared,4911602,0.004913,11119241639470
4,2,8,12,32,750,mixed,scalar,28134409,0.028136,11119241639470
5,1,8,12,32,750,mixed,scalar,26448583,0.026451,11119241639470
5,2,8,12,32,750,mixed,prepared,4787143,0.004779,11119241639470
1,1,8,12,32,750,zero,scalar,3971591,0.003972,0
1,2,8,12,32,750,zero,prepared,4526479,0.004527,0
2,1,8,12,32,750,zero,prepared,6855779,0.006857,0
2,2,8,12,32,750,zero,scalar,10399433,0.010401,0
3,1,8,12,32,750,zero,scalar,5417976,0.005357,0
3,2,8,12,32,750,zero,prepared,4739401,0.00474,0
4,1,8,12,32,750,zero,prepared,4117150,0.004118,0
4,2,8,12,32,750,zero,scalar,4121207,0.004122,0
5,1,8,12,32,750,zero,scalar,4355631,0.004357,0
5,2,8,12,32,750,zero,prepared,4465257,0.004466,0
1,1,8,12,2400,10,mixed,scalar,25985142,0.025987,11114818320280
1,2,8,12,2400,10,mixed,prepared,3962026,0.003963,11114818320280
2,1,8,12,2400,10,mixed,prepared,3979203,0.00398,11114818320280
2,2,8,12,2400,10,mixed,scalar,27936160,0.027938,11114818320280
3,1,8,12,2400,10,mixed,scalar,27001968,0.026967,11114818320280
3,2,8,12,2400,10,mixed,prepared,4023690,0.004025,11114818320280
4,1,8,12,2400,10,mixed,prepared,4585598,0.004586,11114818320280
4,2,8,12,2400,10,mixed,scalar,25809857,0.025811,11114818320280
5,1,8,12,2400,10,mixed,scalar,29503778,0.029505,11114818320280
5,2,8,12,2400,10,mixed,prepared,4012613,0.004014,11114818320280
1,1,8,12,2400,10,zero,scalar,4121167,0.004122,0
1,2,8,12,2400,10,zero,prepared,3747212,0.003748,0
2,1,8,12,2400,10,zero,prepared,3411305,0.003412,0
2,2,8,12,2400,10,zero,scalar,4107797,0.004109,0
3,1,8,12,2400,10,zero,scalar,3978140,0.00398,0
3,2,8,12,2400,10,zero,prepared,3382691,0.003384,0
4,1,8,12,2400,10,zero,prepared,3317413,0.003318,0
4,2,8,12,2400,10,zero,scalar,4123740,0.004125,0
5,1,8,12,2400,10,zero,scalar,3867544,0.003869,0
5,2,8,12,2400,10,zero,prepared,3641572,0.003643,0
1,1,16,24,1,24000,mixed,scalar,109393732,0.109394,16038353597795
1,2,16,24,1,24000,mixed,prepared,112852258,0.112853,16038353597795
2,1,16,24,1,24000,mixed,prepared,115279285,0.115279,16038353597795
2,2,16,24,1,24000,mixed,scalar,106457735,0.106459,16038353597795
3,1,16,24,1,24000,mixed,scalar,106125323,0.106125,16038353597795
3,2,16,24,1,24000,mixed,prepared,111730402,0.111708,16038353597795
4,1,16,24,1,24000,mixed,prepared,112108103,0.112062,16038353597795
4,2,16,24,1,24000,mixed,scalar,113162246,0.113162,16038353597795
5,1,16,24,1,24000,mixed,scalar,111228785,0.111217,16038353597795
5,2,16,24,1,24000,mixed,prepared,112342417,0.112342,16038353597795
1,1,16,24,1,24000,zero,scalar,8745154,0.008746,0
1,2,16,24,1,24000,zero,prepared,112974582,0.112975,0
2,1,16,24,1,24000,zero,prepared,113235846,0.113237,0
2,2,16,24,1,24000,zero,scalar,8099549,0.0081,0
3,1,16,24,1,24000,zero,scalar,8649259,0.00865,0
3,2,16,24,1,24000,zero,prepared,107238826,0.107238,0
4,1,16,24,1,24000,zero,prepared,109088420,0.109069,0
4,2,16,24,1,24000,zero,scalar,8931305,0.008933,0
5,1,16,24,1,24000,zero,scalar,8230897,0.008233,0
5,2,16,24,1,24000,zero,prepared,108374281,0.108374,0
1,1,16,24,32,750,mixed,scalar,106438957,0.106392,16082749142716
1,2,16,24,32,750,mixed,prepared,11476782,0.011477,16082749142716
2,1,16,24,32,750,mixed,prepared,10737003,0.010738,16082749142716
2,2,16,24,32,750,mixed,scalar,104658597,0.104659,16082749142716
3,1,16,24,32,750,mixed,scalar,106940555,0.10694,16082749142716
3,2,16,24,32,750,mixed,prepared,11401597,0.011403,16082749142716
4,1,16,24,32,750,mixed,prepared,11118380,0.011119,16082749142716
4,2,16,24,32,750,mixed,scalar,106700101,0.1067,16082749142716
5,1,16,24,32,750,mixed,scalar,106137712,0.106138,16082749142716
5,2,16,24,32,750,mixed,prepared,11894092,0.011896,16082749142716
1,1,16,24,32,750,zero,scalar,8751173,0.008753,0
1,2,16,24,32,750,zero,prepared,10123256,0.010124,0
2,1,16,24,32,750,zero,prepared,10049705,0.010051,0
2,2,16,24,32,750,zero,scalar,8147550,0.008149,0
3,1,16,24,32,750,zero,scalar,8185197,0.008186,0
3,2,16,24,32,750,zero,prepared,10178389,0.01018,0
4,1,16,24,32,750,zero,prepared,9985207,0.009985,0
4,2,16,24,32,750,zero,scalar,8736100,0.008736,0
5,1,16,24,32,750,zero,scalar,8049683,0.00805,0
5,2,16,24,32,750,zero,prepared,10258731,0.01026,0
1,1,16,24,2400,10,mixed,scalar,102751395,0.102739,16026604436400
1,2,16,24,2400,10,mixed,prepared,7799154,0.0078,16026604436400
2,1,16,24,2400,10,mixed,prepared,8126749,0.008129,16026604436400
2,2,16,24,2400,10,mixed,scalar,106699270,0.106681,16026604436400
3,1,16,24,2400,10,mixed,scalar,103738707,0.103739,16026604436400
3,2,16,24,2400,10,mixed,prepared,8833727,0.008835,16026604436400
4,1,16,24,2400,10,mixed,prepared,8386422,0.008387,16026604436400
4,2,16,24,2400,10,mixed,scalar,104779119,0.104731,16026604436400
5,1,16,24,2400,10,mixed,scalar,104536443,0.104537,16026604436400
5,2,16,24,2400,10,mixed,prepared,7926417,0.007927,16026604436400
1,1,16,24,2400,10,zero,scalar,8248763,0.008249,0
1,2,16,24,2400,10,zero,prepared,6712392,0.006713,0
2,1,16,24,2400,10,zero,prepared,6711090,0.006716,0
2,2,16,24,2400,10,zero,scalar,8130505,0.008131,0
3,1,16,24,2400,10,zero,scalar,8040959,0.008041,0
3,2,16,24,2400,10,zero,prepared,6663618,0.006664,0
4,1,16,24,2400,10,zero,prepared,6877101,0.006878,0
4,2,16,24,2400,10,zero,scalar,8010034,0.008011,0
5,1,16,24,2400,10,zero,scalar,8166459,0.008167,0
5,2,16,24,2400,10,zero,prepared,6893876,0.006894,0
